file_name,path,title,document_type,authority_level,asset_id,age_days,mime
HFS-CP-manual-crude-feed-pumps.pdf,02_Document_Corpus/HFS-CP-manual-crude-feed-pumps.pdf,"Operation and maintenance manual, HFS-CP 150-315 centrifugal pump",oem_manual,3,DEMO-P-1101A,900,application/pdf
HFS-HP-manual-reactor-charge-pumps.pdf,02_Document_Corpus/HFS-HP-manual-reactor-charge-pumps.pdf,"Operation manual, HFS-HP 40-12 reactor charge pump",oem_manual,3,DEMO-P-2101A,1100,application/pdf
NWC-RC-manual-recycle-gas-compressors.pdf,02_Document_Corpus/NWC-RC-manual-recycle-gas-compressors.pdf,"Operation manual, NWC-H4 reciprocating recycle gas compressor",oem_manual,3,DEMO-K-2101A,1300,application/pdf
THX-FH-manual-crude-charge-heater.pdf,02_Document_Corpus/THX-FH-manual-crude-charge-heater.pdf,"Operation and maintenance manual, THX-FH4 fired heater",oem_manual,3,DEMO-H-1101,1500,application/pdf
SVW-PSV-manual-pressure-safety-valves.pdf,02_Document_Corpus/SVW-PSV-manual-pressure-safety-valves.pdf,"Maintenance manual, SVW-9 series pressure safety valves",oem_manual,3,DEMO-PSV-1101,1200,application/pdf
KHT-ST-manual-shell-tube-exchangers.pdf,02_Document_Corpus/KHT-ST-manual-shell-tube-exchangers.pdf,"Maintenance manual, KHT-STX shell and tube exchangers",oem_manual,3,DEMO-E-1101,1400,application/pdf
CLC-CV-manual-control-valves.pdf,02_Document_Corpus/CLC-CV-manual-control-valves.pdf,"Installation and maintenance manual, CLC-GL control valves",oem_manual,3,DEMO-FV-1101,800,application/pdf
OTS-TK-manual-storage-tanks.pdf,02_Document_Corpus/OTS-TK-manual-storage-tanks.pdf,"Design and operating manual, OTS fixed-roof storage tanks",oem_manual,3,DEMO-T-6101,2000,application/pdf
HFS-FW-manual-fire-water-pumps.pdf,02_Document_Corpus/HFS-FW-manual-fire-water-pumps.pdf,"Operation manual, HFS-FW diesel-driven fire water pump",oem_manual,3,DEMO-P-6201A,1000,application/pdf
MLS-LA-manual-loading-arms.pdf,02_Document_Corpus/MLS-LA-manual-loading-arms.pdf,"Operation manual, MLS-TL top-loading arms",oem_manual,3,DEMO-LA-6101,950,application/pdf
SOP-CDU-PSV-test-and-reset.pdf,02_Document_Corpus/SOP-CDU-PSV-test-and-reset.pdf,Operating procedure: pressure safety valve PSV-1101 on the atmospheric column C-1101,procedure,4,DEMO-PSV-1101,437,application/pdf
SVW-SB-2026-07-psv-set-pressure.pdf,02_Document_Corpus/SVW-SB-2026-07-psv-set-pressure.pdf,Halden Fluid Systems service bulletin: set pressure for PSV-1101,oem_manual,3,DEMO-PSV-1101,84,application/pdf
SOP-CDU-crude-feed-pump-operation.pdf,02_Document_Corpus/SOP-CDU-crude-feed-pump-operation.pdf,Operating procedure: crude feed pump P-1101A,procedure,4,DEMO-P-1101A,454,application/pdf
HFS-SB-2026-05-minimum-flow.pdf,02_Document_Corpus/HFS-SB-2026-05-minimum-flow.pdf,Halden Fluid Systems service bulletin: minimum continuous flow for P-1101A,oem_manual,3,DEMO-P-1101A,78,application/pdf
SOP-HDT-recycle-compressor-start.pdf,02_Document_Corpus/SOP-HDT-recycle-compressor-start.pdf,Operating procedure: recycle gas compressor K-2101A,procedure,4,DEMO-K-2101A,471,application/pdf
NWC-SB-2026-09-discharge-temperature.pdf,02_Document_Corpus/NWC-SB-2026-09-discharge-temperature.pdf,Norwick Compression service bulletin: discharge temperature trip for K-2101A,oem_manual,3,DEMO-K-2101A,72,application/pdf
SOP-CDU-heater-light-off.pdf,02_Document_Corpus/SOP-CDU-heater-light-off.pdf,Operating procedure: crude charge heater H-1101,procedure,4,DEMO-H-1101,488,application/pdf
THX-SB-2026-06-tube-metal-limit.pdf,02_Document_Corpus/THX-SB-2026-06-tube-metal-limit.pdf,Thermex Combustion service bulletin: tube metal temperature limit for H-1101,oem_manual,3,DEMO-H-1101,66,application/pdf
SOP-TKF-tank-filling-limits.pdf,02_Document_Corpus/SOP-TKF-tank-filling-limits.pdf,Operating procedure: storage tank T-6101,procedure,4,DEMO-T-6101,505,application/pdf
OTS-SB-2026-08-fill-level.pdf,02_Document_Corpus/OTS-SB-2026-08-fill-level.pdf,Orbis Tank Systems service bulletin: maximum fill level for T-6101,oem_manual,3,DEMO-T-6101,60,application/pdf
SOP-CDU-ESD-valve-testing.pdf,02_Document_Corpus/SOP-CDU-ESD-valve-testing.pdf,Operating procedure: emergency isolation valve XV-1102,procedure,4,DEMO-XV-1102,522,application/pdf
SVW-SB-2026-04-esd-valve-test-interval.pdf,02_Document_Corpus/SVW-SB-2026-04-esd-valve-test-interval.pdf,Calder Controls service bulletin: stroke test interval for XV-1102,oem_manual,3,DEMO-XV-1102,54,application/pdf
SOP-UTL-cooling-water-pump-operation.pdf,02_Document_Corpus/SOP-UTL-cooling-water-pump-operation.pdf,Operating procedure: cooling water pump P-3101A,procedure,4,DEMO-P-3101A,539,application/pdf
HFS-SB-2026-02-bearing-temperature.pdf,02_Document_Corpus/HFS-SB-2026-02-bearing-temperature.pdf,Halden Fluid Systems service bulletin: bearing temperature alarm for P-3101A,oem_manual,3,DEMO-P-3101A,48,application/pdf
SOP-CDU-preheat-train-cleaning.pdf,02_Document_Corpus/SOP-CDU-preheat-train-cleaning.pdf,Operating procedure: crude preheat exchanger E-1101,procedure,4,DEMO-E-1101,556,application/pdf
KHT-SB-2026-03-cleaning-interval.pdf,02_Document_Corpus/KHT-SB-2026-03-cleaning-interval.pdf,Karvel Heat Transfer service bulletin: cleaning interval for E-1101,oem_manual,3,DEMO-E-1101,42,application/pdf
SOP-HDT-separator-inspection-plan.pdf,02_Document_Corpus/SOP-HDT-separator-inspection-plan.pdf,Operating procedure: hot high pressure separator V-2101,procedure,4,DEMO-V-2101,573,application/pdf
OEM-V-2101-design-revision.pdf,02_Document_Corpus/OEM-V-2101-design-revision.pdf,Halden Fluid Systems service bulletin: corrosion allowance for V-2101,oem_manual,3,DEMO-V-2101,36,application/pdf
SOP-TKF-truck-loading.pdf,02_Document_Corpus/SOP-TKF-truck-loading.pdf,Operating procedure: truck loading arm LA-6101,procedure,4,DEMO-LA-6101,590,application/pdf
MLS-SB-2026-10-loading-rate.pdf,02_Document_Corpus/MLS-SB-2026-10-loading-rate.pdf,Marlow Loading Systems service bulletin: maximum loading rate for LA-6101,oem_manual,3,DEMO-LA-6101,30,application/pdf
SOP-CDU-startup-sequence.pdf,02_Document_Corpus/SOP-CDU-startup-sequence.pdf,Start-up of the crude distillation unit,procedure,4,DEMO-P-1101A,300,application/pdf
SOP-CDU-shutdown-sequence.pdf,02_Document_Corpus/SOP-CDU-shutdown-sequence.pdf,Normal shutdown of the crude distillation unit,procedure,4,DEMO-P-1101A,323,application/pdf
SOP-CDU-pump-changeover.pdf,02_Document_Corpus/SOP-CDU-pump-changeover.pdf,Changeover of crude feed pumps P-1101A and P-1101B,procedure,4,DEMO-P-1101B,346,application/pdf
SOP-CDU-isolation-and-lockout.pdf,02_Document_Corpus/SOP-CDU-isolation-and-lockout.pdf,Isolation and lockout for CDU pumps,procedure,4,DEMO-XV-1101,369,application/pdf
SOP-HDT-reactor-startup.pdf,02_Document_Corpus/SOP-HDT-reactor-startup.pdf,Start-up of the hydrotreating reactor R-2101,procedure,4,DEMO-R-2101,392,application/pdf
SOP-HDT-charge-pump-operation.pdf,02_Document_Corpus/SOP-HDT-charge-pump-operation.pdf,Operation of reactor charge pumps P-2101A and P-2101B,procedure,4,DEMO-P-2101A,415,application/pdf
SOP-HDT-compressor-changeover.pdf,02_Document_Corpus/SOP-HDT-compressor-changeover.pdf,Changeover of recycle gas compressors K-2101A and K-2101B,procedure,4,DEMO-K-2101B,438,application/pdf
SOP-UTL-cooling-water-changeover.pdf,02_Document_Corpus/SOP-UTL-cooling-water-changeover.pdf,Cooling water pump changeover,procedure,4,DEMO-P-3101B,461,application/pdf
SOP-TKF-tank-gauging.pdf,02_Document_Corpus/SOP-TKF-tank-gauging.pdf,Tank gauging and dip checks,procedure,4,DEMO-T-6102,484,application/pdf
SOP-TKF-fire-water-testing.pdf,02_Document_Corpus/SOP-TKF-fire-water-testing.pdf,Weekly fire water pump test,procedure,4,DEMO-P-6201B,507,application/pdf
SOP-FLR-knockout-drum-draining.pdf,02_Document_Corpus/SOP-FLR-knockout-drum-draining.pdf,Draining the flare knock-out drum V-4101,procedure,4,DEMO-V-4101,530,application/pdf
SOP-BLD-loading-arm-operation.pdf,02_Document_Corpus/SOP-BLD-loading-arm-operation.pdf,Operation of loading arms LA-5101 to LA-5104,procedure,4,DEMO-LA-5101,553,application/pdf
INSP-C-1101-thickness-survey.pdf,02_Document_Corpus/INSP-C-1101-thickness-survey.pdf,Thickness survey of atmospheric column C-1101,inspection_report,4,DEMO-C-1101,150,application/pdf
INSP-H-1101-tube-survey.pdf,02_Document_Corpus/INSP-H-1101-tube-survey.pdf,Radiant tube survey of fired heater H-1101,inspection_report,4,DEMO-H-1101,110,application/pdf
INSP-V-2101-internal-inspection.pdf,02_Document_Corpus/INSP-V-2101-internal-inspection.pdf,Internal inspection of hot high pressure separator V-2101,inspection_report,4,DEMO-V-2101,95,application/pdf
INSP-R-2101-reactor-shell.pdf,02_Document_Corpus/INSP-R-2101-reactor-shell.pdf,Shell examination of hydrotreating reactor R-2101,inspection_report,4,DEMO-R-2101,130,application/pdf
INSP-PSV-1101-bench-test.pdf,02_Document_Corpus/INSP-PSV-1101-bench-test.pdf,"Bench test record, pressure safety valve PSV-1101",inspection_report,4,DEMO-PSV-1101,200,application/pdf
INSP-PSV-1102-bench-test.pdf,02_Document_Corpus/INSP-PSV-1102-bench-test.pdf,"Bench test record, pressure safety valve PSV-1102",inspection_report,4,DEMO-PSV-1102,75,application/pdf
INSP-PSV-2101-bench-test.pdf,02_Document_Corpus/INSP-PSV-2101-bench-test.pdf,"Bench test record, pressure safety valve PSV-2101",inspection_report,4,DEMO-PSV-2101,180,application/pdf
INSP-PSV-3101-bench-test.pdf,02_Document_Corpus/INSP-PSV-3101-bench-test.pdf,"Bench test record, steam drum relief valve PSV-3101",inspection_report,4,DEMO-PSV-3101,160,application/pdf
INSP-E-1107A-tube-bundle.pdf,02_Document_Corpus/INSP-E-1107A-tube-bundle.pdf,"Tube bundle inspection, overhead condenser E-1107A",inspection_report,4,DEMO-E-1107A,120,application/pdf
INSP-T-6101-external-inspection.pdf,02_Document_Corpus/INSP-T-6101-external-inspection.pdf,Annual external inspection of tank T-6101,inspection_report,4,DEMO-T-6101,60,application/pdf
INSP-T-6102-floor-survey.pdf,02_Document_Corpus/INSP-T-6102-floor-survey.pdf,Floor survey of tank T-6102,inspection_report,4,DEMO-T-6102,100,application/pdf
INSP-K-2101A-valve-inspection.pdf,02_Document_Corpus/INSP-K-2101A-valve-inspection.pdf,"Valve inspection, recycle gas compressor K-2101A",inspection_report,4,DEMO-K-2101A,70,application/pdf
INSP-P-1101A-seal-inspection.pdf,02_Document_Corpus/INSP-P-1101A-seal-inspection.pdf,"Seal inspection, crude feed pump P-1101A",inspection_report,4,DEMO-P-1101A,85,application/pdf
INSP-P-3101A-bearing-condition.pdf,02_Document_Corpus/INSP-P-3101A-bearing-condition.pdf,"Bearing condition report, cooling water pump P-3101A",inspection_report,4,DEMO-P-3101A,40,application/pdf
INSP-XV-1102-stroke-test.pdf,02_Document_Corpus/INSP-XV-1102-stroke-test.pdf,"Stroke test record, emergency isolation valve XV-1102",inspection_report,4,DEMO-XV-1102,220,application/pdf
INSP-XV-6101-leak-test.pdf,02_Document_Corpus/INSP-XV-6101-leak-test.pdf,"Leak test, tank outlet valve XV-6101",inspection_report,4,DEMO-XV-6101,55,application/pdf
REG-work-permit-system-summary.pdf,02_Document_Corpus/REG-work-permit-system-summary.pdf,"Work permit system, statutory summary",regulation,1,DEMO-XV-1101,700,application/pdf
REG-pressure-vessel-inspection-summary.pdf,02_Document_Corpus/REG-pressure-vessel-inspection-summary.pdf,"Pressure vessel inspection, statutory summary",regulation,1,DEMO-V-2101,700,application/pdf
REG-storage-tank-operation-summary.pdf,02_Document_Corpus/REG-storage-tank-operation-summary.pdf,"Storage tank operation, statutory summary",regulation,1,DEMO-T-6101,700,application/pdf
PTW-CDU-pump-seal-replacement.txt,03_Multiformat_Variants/PTW-CDU-pump-seal-replacement.txt,Permit to work: seal replacement on crude feed pump P-1101A,ptw,4,DEMO-P-1101A,20,text/plain
PTW-HDT-compressor-valve-change.txt,03_Multiformat_Variants/PTW-HDT-compressor-valve-change.txt,Permit to work: valve change on recycle compressor K-2101A,ptw,4,DEMO-K-2101A,12,text/plain
PTW-TKF-tank-entry.txt,03_Multiformat_Variants/PTW-TKF-tank-entry.txt,Permit to work: confined space entry into tank T-6103,ptw,4,DEMO-T-6103,6,text/plain
PTW-UTL-boiler-burner-service.txt,03_Multiformat_Variants/PTW-UTL-boiler-burner-service.txt,Permit to work: burner service on package boiler B-3101,ptw,4,DEMO-B-3101,3,text/plain
SHIFTLOG-CDU-week-1.txt,03_Multiformat_Variants/SHIFTLOG-CDU-week-1.txt,"Shift log, CDU, week commencing 08 August",shift_log,5,DEMO-P-1101A,56,text/plain
SHIFTLOG-CDU-week-3.txt,03_Multiformat_Variants/SHIFTLOG-CDU-week-3.txt,"Shift log, CDU, week commencing 22 August",shift_log,5,DEMO-P-1102A,42,text/plain
SHIFTLOG-HDT-week-2.txt,03_Multiformat_Variants/SHIFTLOG-HDT-week-2.txt,"Shift log, HDT, week commencing 15 August",shift_log,5,DEMO-K-2101A,49,text/plain
SHIFTLOG-HDT-week-4.txt,03_Multiformat_Variants/SHIFTLOG-HDT-week-4.txt,"Shift log, HDT, week commencing 05 September",shift_log,5,DEMO-P-2101A,28,text/plain
SHIFTLOG-TKF-week-3.txt,03_Multiformat_Variants/SHIFTLOG-TKF-week-3.txt,"Shift log, TKF, week commencing 29 August",shift_log,5,DEMO-T-6101,35,text/plain
SHIFTLOG-UTL-week-4.txt,03_Multiformat_Variants/SHIFTLOG-UTL-week-4.txt,"Shift log, UTL, week commencing 12 September",shift_log,5,DEMO-P-3101A,21,text/plain
DS-P-1101B-datasheet.pdf,02_Document_Corpus/DS-P-1101B-datasheet.pdf,"Equipment datasheet, P-1101B",oem_manual,3,DEMO-P-1101B,1294,application/pdf
TEST-P-1101B-record.pdf,02_Document_Corpus/TEST-P-1101B-record.pdf,"Condition and performance test, P-1101B",inspection_report,4,DEMO-P-1101B,370,application/pdf
DS-P-1102A-datasheet.pdf,02_Document_Corpus/DS-P-1102A-datasheet.pdf,"Equipment datasheet, P-1102A",oem_manual,3,DEMO-P-1102A,543,application/pdf
TEST-P-1102A-record.pdf,02_Document_Corpus/TEST-P-1102A-record.pdf,"Condition and performance test, P-1102A",inspection_report,4,DEMO-P-1102A,77,application/pdf
DS-P-1102B-datasheet.pdf,02_Document_Corpus/DS-P-1102B-datasheet.pdf,"Equipment datasheet, P-1102B",oem_manual,3,DEMO-P-1102B,1624,application/pdf
TEST-P-1102B-record.pdf,02_Document_Corpus/TEST-P-1102B-record.pdf,"Condition and performance test, P-1102B",inspection_report,4,DEMO-P-1102B,354,application/pdf
MAINT-P-1102B-history-card.pdf,02_Document_Corpus/MAINT-P-1102B-history-card.pdf,"Maintenance history card, P-1102B",inspection_report,5,DEMO-P-1102B,36,application/pdf
DS-P-1103A-datasheet.pdf,02_Document_Corpus/DS-P-1103A-datasheet.pdf,"Equipment datasheet, P-1103A",oem_manual,3,DEMO-P-1103A,1362,application/pdf
TEST-P-1103A-record.pdf,02_Document_Corpus/TEST-P-1103A-record.pdf,"Condition and performance test, P-1103A",inspection_report,4,DEMO-P-1103A,30,application/pdf
MAINT-P-1103A-history-card.pdf,02_Document_Corpus/MAINT-P-1103A-history-card.pdf,"Maintenance history card, P-1103A",inspection_report,5,DEMO-P-1103A,35,application/pdf
DS-P-1103B-datasheet.pdf,02_Document_Corpus/DS-P-1103B-datasheet.pdf,"Equipment datasheet, P-1103B",oem_manual,3,DEMO-P-1103B,843,application/pdf
TEST-P-1103B-record.pdf,02_Document_Corpus/TEST-P-1103B-record.pdf,"Condition and performance test, P-1103B",inspection_report,4,DEMO-P-1103B,252,application/pdf
MAINT-P-1103B-history-card.pdf,02_Document_Corpus/MAINT-P-1103B-history-card.pdf,"Maintenance history card, P-1103B",inspection_report,5,DEMO-P-1103B,29,application/pdf
DS-P-1104A-datasheet.pdf,02_Document_Corpus/DS-P-1104A-datasheet.pdf,"Equipment datasheet, P-1104A",oem_manual,3,DEMO-P-1104A,1235,application/pdf
TEST-P-1104A-record.pdf,02_Document_Corpus/TEST-P-1104A-record.pdf,"Condition and performance test, P-1104A",inspection_report,4,DEMO-P-1104A,137,application/pdf
MAINT-P-1104A-history-card.pdf,02_Document_Corpus/MAINT-P-1104A-history-card.pdf,"Maintenance history card, P-1104A",inspection_report,5,DEMO-P-1104A,26,application/pdf
DS-P-1104B-datasheet.pdf,02_Document_Corpus/DS-P-1104B-datasheet.pdf,"Equipment datasheet, P-1104B",oem_manual,3,DEMO-P-1104B,1793,application/pdf
TEST-P-1104B-record.pdf,02_Document_Corpus/TEST-P-1104B-record.pdf,"Condition and performance test, P-1104B",inspection_report,4,DEMO-P-1104B,78,application/pdf
MAINT-P-1104B-history-card.pdf,02_Document_Corpus/MAINT-P-1104B-history-card.pdf,"Maintenance history card, P-1104B",inspection_report,5,DEMO-P-1104B,52,application/pdf
DS-V-1101-datasheet.pdf,02_Document_Corpus/DS-V-1101-datasheet.pdf,"Equipment datasheet, V-1101",oem_manual,3,DEMO-V-1101,991,application/pdf
TEST-V-1101-record.pdf,02_Document_Corpus/TEST-V-1101-record.pdf,"External inspection and thickness survey, V-1101",inspection_report,4,DEMO-V-1101,82,application/pdf
MAINT-V-1101-history-card.pdf,02_Document_Corpus/MAINT-V-1101-history-card.pdf,"Maintenance history card, V-1101",inspection_report,5,DEMO-V-1101,18,application/pdf
DS-C-1101-datasheet.pdf,02_Document_Corpus/DS-C-1101-datasheet.pdf,"Equipment datasheet, C-1101",oem_manual,3,DEMO-C-1101,1727,application/pdf
TEST-C-1101-record.pdf,02_Document_Corpus/TEST-C-1101-record.pdf,"External inspection and thickness survey, C-1101",inspection_report,4,DEMO-C-1101,197,application/pdf
DS-V-1102-datasheet.pdf,02_Document_Corpus/DS-V-1102-datasheet.pdf,"Equipment datasheet, V-1102",oem_manual,3,DEMO-V-1102,1641,application/pdf
TEST-V-1102-record.pdf,02_Document_Corpus/TEST-V-1102-record.pdf,"External inspection and thickness survey, V-1102",inspection_report,4,DEMO-V-1102,186,application/pdf
MAINT-V-1102-history-card.pdf,02_Document_Corpus/MAINT-V-1102-history-card.pdf,"Maintenance history card, V-1102",inspection_report,5,DEMO-V-1102,60,application/pdf
DS-E-1102-datasheet.pdf,02_Document_Corpus/DS-E-1102-datasheet.pdf,"Equipment datasheet, E-1102",oem_manual,3,DEMO-E-1102,963,application/pdf
TEST-E-1102-record.pdf,02_Document_Corpus/TEST-E-1102-record.pdf,"Tube bundle inspection, E-1102",inspection_report,4,DEMO-E-1102,61,application/pdf
MAINT-E-1102-history-card.pdf,02_Document_Corpus/MAINT-E-1102-history-card.pdf,"Maintenance history card, E-1102",inspection_report,5,DEMO-E-1102,24,application/pdf
DS-E-1103-datasheet.pdf,02_Document_Corpus/DS-E-1103-datasheet.pdf,"Equipment datasheet, E-1103",oem_manual,3,DEMO-E-1103,1678,application/pdf
TEST-E-1103-record.pdf,02_Document_Corpus/TEST-E-1103-record.pdf,"Tube bundle inspection, E-1103",inspection_report,4,DEMO-E-1103,249,application/pdf
MAINT-E-1103-history-card.pdf,02_Document_Corpus/MAINT-E-1103-history-card.pdf,"Maintenance history card, E-1103",inspection_report,5,DEMO-E-1103,34,application/pdf
DS-E-1104-datasheet.pdf,02_Document_Corpus/DS-E-1104-datasheet.pdf,"Equipment datasheet, E-1104",oem_manual,3,DEMO-E-1104,568,application/pdf
TEST-E-1104-record.pdf,02_Document_Corpus/TEST-E-1104-record.pdf,"Tube bundle inspection, E-1104",inspection_report,4,DEMO-E-1104,263,application/pdf
MAINT-E-1104-history-card.pdf,02_Document_Corpus/MAINT-E-1104-history-card.pdf,"Maintenance history card, E-1104",inspection_report,5,DEMO-E-1104,24,application/pdf
DS-E-1105-datasheet.pdf,02_Document_Corpus/DS-E-1105-datasheet.pdf,"Equipment datasheet, E-1105",oem_manual,3,DEMO-E-1105,996,application/pdf
TEST-E-1105-record.pdf,02_Document_Corpus/TEST-E-1105-record.pdf,"Tube bundle inspection, E-1105",inspection_report,4,DEMO-E-1105,203,application/pdf
MAINT-E-1105-history-card.pdf,02_Document_Corpus/MAINT-E-1105-history-card.pdf,"Maintenance history card, E-1105",inspection_report,5,DEMO-E-1105,12,application/pdf
DS-E-1106-datasheet.pdf,02_Document_Corpus/DS-E-1106-datasheet.pdf,"Equipment datasheet, E-1106",oem_manual,3,DEMO-E-1106,1281,application/pdf
TEST-E-1106-record.pdf,02_Document_Corpus/TEST-E-1106-record.pdf,"Tube bundle inspection, E-1106",inspection_report,4,DEMO-E-1106,305,application/pdf
MAINT-E-1106-history-card.pdf,02_Document_Corpus/MAINT-E-1106-history-card.pdf,"Maintenance history card, E-1106",inspection_report,5,DEMO-E-1106,56,application/pdf
DS-E-1107A-datasheet.pdf,02_Document_Corpus/DS-E-1107A-datasheet.pdf,"Equipment datasheet, E-1107A",oem_manual,3,DEMO-E-1107A,1138,application/pdf
TEST-E-1107A-record.pdf,02_Document_Corpus/TEST-E-1107A-record.pdf,"Tube bundle inspection, E-1107A",inspection_report,4,DEMO-E-1107A,400,application/pdf
DS-E-1107B-datasheet.pdf,02_Document_Corpus/DS-E-1107B-datasheet.pdf,"Equipment datasheet, E-1107B",oem_manual,3,DEMO-E-1107B,1772,application/pdf
TEST-E-1107B-record.pdf,02_Document_Corpus/TEST-E-1107B-record.pdf,"Tube bundle inspection, E-1107B",inspection_report,4,DEMO-E-1107B,388,application/pdf
MAINT-E-1107B-history-card.pdf,02_Document_Corpus/MAINT-E-1107B-history-card.pdf,"Maintenance history card, E-1107B",inspection_report,5,DEMO-E-1107B,14,application/pdf
DS-E-1107C-datasheet.pdf,02_Document_Corpus/DS-E-1107C-datasheet.pdf,"Equipment datasheet, E-1107C",oem_manual,3,DEMO-E-1107C,1287,application/pdf
TEST-E-1107C-record.pdf,02_Document_Corpus/TEST-E-1107C-record.pdf,"Tube bundle inspection, E-1107C",inspection_report,4,DEMO-E-1107C,365,application/pdf
MAINT-E-1107C-history-card.pdf,02_Document_Corpus/MAINT-E-1107C-history-card.pdf,"Maintenance history card, E-1107C",inspection_report,5,DEMO-E-1107C,33,application/pdf
DS-E-1107D-datasheet.pdf,02_Document_Corpus/DS-E-1107D-datasheet.pdf,"Equipment datasheet, E-1107D",oem_manual,3,DEMO-E-1107D,1589,application/pdf
TEST-E-1107D-record.pdf,02_Document_Corpus/TEST-E-1107D-record.pdf,"Tube bundle inspection, E-1107D",inspection_report,4,DEMO-E-1107D,73,application/pdf
MAINT-E-1107D-history-card.pdf,02_Document_Corpus/MAINT-E-1107D-history-card.pdf,"Maintenance history card, E-1107D",inspection_report,5,DEMO-E-1107D,16,application/pdf
DS-FV-1101-datasheet.pdf,02_Document_Corpus/DS-FV-1101-datasheet.pdf,"Equipment datasheet, FV-1101",oem_manual,3,DEMO-FV-1101,1091,application/pdf
TEST-FV-1101-record.pdf,02_Document_Corpus/TEST-FV-1101-record.pdf,"Stroke and positioner calibration, FV-1101",inspection_report,4,DEMO-FV-1101,381,application/pdf
DS-FV-1102-datasheet.pdf,02_Document_Corpus/DS-FV-1102-datasheet.pdf,"Equipment datasheet, FV-1102",oem_manual,3,DEMO-FV-1102,1529,application/pdf
TEST-FV-1102-record.pdf,02_Document_Corpus/TEST-FV-1102-record.pdf,"Stroke and positioner calibration, FV-1102",inspection_report,4,DEMO-FV-1102,330,application/pdf
MAINT-FV-1102-history-card.pdf,02_Document_Corpus/MAINT-FV-1102-history-card.pdf,"Maintenance history card, FV-1102",inspection_report,5,DEMO-FV-1102,18,application/pdf
DS-FV-1103-datasheet.pdf,02_Document_Corpus/DS-FV-1103-datasheet.pdf,"Equipment datasheet, FV-1103",oem_manual,3,DEMO-FV-1103,663,application/pdf
TEST-FV-1103-record.pdf,02_Document_Corpus/TEST-FV-1103-record.pdf,"Stroke and positioner calibration, FV-1103",inspection_report,4,DEMO-FV-1103,297,application/pdf
MAINT-FV-1103-history-card.pdf,02_Document_Corpus/MAINT-FV-1103-history-card.pdf,"Maintenance history card, FV-1103",inspection_report,5,DEMO-FV-1103,41,application/pdf
DS-FV-1104-datasheet.pdf,02_Document_Corpus/DS-FV-1104-datasheet.pdf,"Equipment datasheet, FV-1104",oem_manual,3,DEMO-FV-1104,1705,application/pdf
TEST-FV-1104-record.pdf,02_Document_Corpus/TEST-FV-1104-record.pdf,"Stroke and positioner calibration, FV-1104",inspection_report,4,DEMO-FV-1104,355,application/pdf
MAINT-FV-1104-history-card.pdf,02_Document_Corpus/MAINT-FV-1104-history-card.pdf,"Maintenance history card, FV-1104",inspection_report,5,DEMO-FV-1104,54,application/pdf
DS-FV-1105-datasheet.pdf,02_Document_Corpus/DS-FV-1105-datasheet.pdf,"Equipment datasheet, FV-1105",oem_manual,3,DEMO-FV-1105,705,application/pdf
TEST-FV-1105-record.pdf,02_Document_Corpus/TEST-FV-1105-record.pdf,"Stroke and positioner calibration, FV-1105",inspection_report,4,DEMO-FV-1105,166,application/pdf
MAINT-FV-1105-history-card.pdf,02_Document_Corpus/MAINT-FV-1105-history-card.pdf,"Maintenance history card, FV-1105",inspection_report,5,DEMO-FV-1105,47,application/pdf
DS-FV-1106-datasheet.pdf,02_Document_Corpus/DS-FV-1106-datasheet.pdf,"Equipment datasheet, FV-1106",oem_manual,3,DEMO-FV-1106,960,application/pdf
TEST-FV-1106-record.pdf,02_Document_Corpus/TEST-FV-1106-record.pdf,"Stroke and positioner calibration, FV-1106",inspection_report,4,DEMO-FV-1106,339,application/pdf
MAINT-FV-1106-history-card.pdf,02_Document_Corpus/MAINT-FV-1106-history-card.pdf,"Maintenance history card, FV-1106",inspection_report,5,DEMO-FV-1106,56,application/pdf
DS-XV-1101-datasheet.pdf,02_Document_Corpus/DS-XV-1101-datasheet.pdf,"Equipment datasheet, XV-1101",oem_manual,3,DEMO-XV-1101,631,application/pdf
DS-XV-1103-datasheet.pdf,02_Document_Corpus/DS-XV-1103-datasheet.pdf,"Equipment datasheet, XV-1103",oem_manual,3,DEMO-XV-1103,566,application/pdf
TEST-XV-1103-record.pdf,02_Document_Corpus/TEST-XV-1103-record.pdf,"Stroke test, XV-1103",inspection_report,4,DEMO-XV-1103,201,application/pdf
MAINT-XV-1103-history-card.pdf,02_Document_Corpus/MAINT-XV-1103-history-card.pdf,"Maintenance history card, XV-1103",inspection_report,5,DEMO-XV-1103,28,application/pdf
DS-XV-1104-datasheet.pdf,02_Document_Corpus/DS-XV-1104-datasheet.pdf,"Equipment datasheet, XV-1104",oem_manual,3,DEMO-XV-1104,1398,application/pdf
TEST-XV-1104-record.pdf,02_Document_Corpus/TEST-XV-1104-record.pdf,"Stroke test, XV-1104",inspection_report,4,DEMO-XV-1104,136,application/pdf
MAINT-XV-1104-history-card.pdf,02_Document_Corpus/MAINT-XV-1104-history-card.pdf,"Maintenance history card, XV-1104",inspection_report,5,DEMO-XV-1104,13,application/pdf
DS-PSV-1102-datasheet.pdf,02_Document_Corpus/DS-PSV-1102-datasheet.pdf,"Equipment datasheet, PSV-1102",oem_manual,3,DEMO-PSV-1102,1520,application/pdf
TEST-PSV-1102-record.pdf,02_Document_Corpus/TEST-PSV-1102-record.pdf,"Bench test and reset, PSV-1102",inspection_report,4,DEMO-PSV-1102,132,application/pdf
DS-PSV-1103-datasheet.pdf,02_Document_Corpus/DS-PSV-1103-datasheet.pdf,"Equipment datasheet, PSV-1103",oem_manual,3,DEMO-PSV-1103,922,application/pdf
TEST-PSV-1103-record.pdf,02_Document_Corpus/TEST-PSV-1103-record.pdf,"Bench test and reset, PSV-1103",inspection_report,4,DEMO-PSV-1103,106,application/pdf
MAINT-PSV-1103-history-card.pdf,02_Document_Corpus/MAINT-PSV-1103-history-card.pdf,"Maintenance history card, PSV-1103",inspection_report,5,DEMO-PSV-1103,29,application/pdf
DS-PSV-1104-datasheet.pdf,02_Document_Corpus/DS-PSV-1104-datasheet.pdf,"Equipment datasheet, PSV-1104",oem_manual,3,DEMO-PSV-1104,785,application/pdf
TEST-PSV-1104-record.pdf,02_Document_Corpus/TEST-PSV-1104-record.pdf,"Bench test and reset, PSV-1104",inspection_report,4,DEMO-PSV-1104,215,application/pdf
MAINT-PSV-1104-history-card.pdf,02_Document_Corpus/MAINT-PSV-1104-history-card.pdf,"Maintenance history card, PSV-1104",inspection_report,5,DEMO-PSV-1104,53,application/pdf
DS-PT-1101-datasheet.pdf,02_Document_Corpus/DS-PT-1101-datasheet.pdf,"Equipment datasheet, PT-1101",oem_manual,3,DEMO-PT-1101,1502,application/pdf
TEST-PT-1101-record.pdf,02_Document_Corpus/TEST-PT-1101-record.pdf,"Calibration record, PT-1101",inspection_report,4,DEMO-PT-1101,159,application/pdf
MAINT-PT-1101-history-card.pdf,02_Document_Corpus/MAINT-PT-1101-history-card.pdf,"Maintenance history card, PT-1101",inspection_report,5,DEMO-PT-1101,55,application/pdf
DS-TT-1101-datasheet.pdf,02_Document_Corpus/DS-TT-1101-datasheet.pdf,"Equipment datasheet, TT-1101",oem_manual,3,DEMO-TT-1101,1131,application/pdf
TEST-TT-1101-record.pdf,02_Document_Corpus/TEST-TT-1101-record.pdf,"Calibration record, TT-1101",inspection_report,4,DEMO-TT-1101,255,application/pdf
MAINT-TT-1101-history-card.pdf,02_Document_Corpus/MAINT-TT-1101-history-card.pdf,"Maintenance history card, TT-1101",inspection_report,5,DEMO-TT-1101,20,application/pdf
DS-LT-1101-datasheet.pdf,02_Document_Corpus/DS-LT-1101-datasheet.pdf,"Equipment datasheet, LT-1101",oem_manual,3,DEMO-LT-1101,691,application/pdf
TEST-LT-1101-record.pdf,02_Document_Corpus/TEST-LT-1101-record.pdf,"Calibration record, LT-1101",inspection_report,4,DEMO-LT-1101,200,application/pdf
MAINT-LT-1101-history-card.pdf,02_Document_Corpus/MAINT-LT-1101-history-card.pdf,"Maintenance history card, LT-1101",inspection_report,5,DEMO-LT-1101,17,application/pdf
DS-TT-1102-datasheet.pdf,02_Document_Corpus/DS-TT-1102-datasheet.pdf,"Equipment datasheet, TT-1102",oem_manual,3,DEMO-TT-1102,1444,application/pdf
TEST-TT-1102-record.pdf,02_Document_Corpus/TEST-TT-1102-record.pdf,"Calibration record, TT-1102",inspection_report,4,DEMO-TT-1102,105,application/pdf
MAINT-TT-1102-history-card.pdf,02_Document_Corpus/MAINT-TT-1102-history-card.pdf,"Maintenance history card, TT-1102",inspection_report,5,DEMO-TT-1102,56,application/pdf
DS-FT-1101-datasheet.pdf,02_Document_Corpus/DS-FT-1101-datasheet.pdf,"Equipment datasheet, FT-1101",oem_manual,3,DEMO-FT-1101,942,application/pdf
TEST-FT-1101-record.pdf,02_Document_Corpus/TEST-FT-1101-record.pdf,"Calibration record, FT-1101",inspection_report,4,DEMO-FT-1101,63,application/pdf
MAINT-FT-1101-history-card.pdf,02_Document_Corpus/MAINT-FT-1101-history-card.pdf,"Maintenance history card, FT-1101",inspection_report,5,DEMO-FT-1101,53,application/pdf
DS-LT-1102-datasheet.pdf,02_Document_Corpus/DS-LT-1102-datasheet.pdf,"Equipment datasheet, LT-1102",oem_manual,3,DEMO-LT-1102,1267,application/pdf
TEST-LT-1102-record.pdf,02_Document_Corpus/TEST-LT-1102-record.pdf,"Calibration record, LT-1102",inspection_report,4,DEMO-LT-1102,68,application/pdf
MAINT-LT-1102-history-card.pdf,02_Document_Corpus/MAINT-LT-1102-history-card.pdf,"Maintenance history card, LT-1102",inspection_report,5,DEMO-LT-1102,11,application/pdf
DS-LT-1103-datasheet.pdf,02_Document_Corpus/DS-LT-1103-datasheet.pdf,"Equipment datasheet, LT-1103",oem_manual,3,DEMO-LT-1103,1555,application/pdf
TEST-LT-1103-record.pdf,02_Document_Corpus/TEST-LT-1103-record.pdf,"Calibration record, LT-1103",inspection_report,4,DEMO-LT-1103,276,application/pdf
MAINT-LT-1103-history-card.pdf,02_Document_Corpus/MAINT-LT-1103-history-card.pdf,"Maintenance history card, LT-1103",inspection_report,5,DEMO-LT-1103,32,application/pdf
DS-P-2101B-datasheet.pdf,02_Document_Corpus/DS-P-2101B-datasheet.pdf,"Equipment datasheet, P-2101B",oem_manual,3,DEMO-P-2101B,642,application/pdf
TEST-P-2101B-record.pdf,02_Document_Corpus/TEST-P-2101B-record.pdf,"Condition and performance test, P-2101B",inspection_report,4,DEMO-P-2101B,304,application/pdf
MAINT-P-2101B-history-card.pdf,02_Document_Corpus/MAINT-P-2101B-history-card.pdf,"Maintenance history card, P-2101B",inspection_report,5,DEMO-P-2101B,37,application/pdf
DS-P-2102A-datasheet.pdf,02_Document_Corpus/DS-P-2102A-datasheet.pdf,"Equipment datasheet, P-2102A",oem_manual,3,DEMO-P-2102A,668,application/pdf
TEST-P-2102A-record.pdf,02_Document_Corpus/TEST-P-2102A-record.pdf,"Condition and performance test, P-2102A",inspection_report,4,DEMO-P-2102A,289,application/pdf
MAINT-P-2102A-history-card.pdf,02_Document_Corpus/MAINT-P-2102A-history-card.pdf,"Maintenance history card, P-2102A",inspection_report,5,DEMO-P-2102A,19,application/pdf
DS-P-2102B-datasheet.pdf,02_Document_Corpus/DS-P-2102B-datasheet.pdf,"Equipment datasheet, P-2102B",oem_manual,3,DEMO-P-2102B,1459,application/pdf
TEST-P-2102B-record.pdf,02_Document_Corpus/TEST-P-2102B-record.pdf,"Condition and performance test, P-2102B",inspection_report,4,DEMO-P-2102B,52,application/pdf
MAINT-P-2102B-history-card.pdf,02_Document_Corpus/MAINT-P-2102B-history-card.pdf,"Maintenance history card, P-2102B",inspection_report,5,DEMO-P-2102B,56,application/pdf
DS-K-2101B-datasheet.pdf,02_Document_Corpus/DS-K-2101B-datasheet.pdf,"Equipment datasheet, K-2101B",oem_manual,3,DEMO-K-2101B,1172,application/pdf
TEST-K-2101B-record.pdf,02_Document_Corpus/TEST-K-2101B-record.pdf,"Condition test, K-2101B",inspection_report,4,DEMO-K-2101B,89,application/pdf
DS-R-2101-datasheet.pdf,02_Document_Corpus/DS-R-2101-datasheet.pdf,"Equipment datasheet, R-2101",oem_manual,3,DEMO-R-2101,1117,application/pdf
DS-V-2102-datasheet.pdf,02_Document_Corpus/DS-V-2102-datasheet.pdf,"Equipment datasheet, V-2102",oem_manual,3,DEMO-V-2102,985,application/pdf
TEST-V-2102-record.pdf,02_Document_Corpus/TEST-V-2102-record.pdf,"External inspection and thickness survey, V-2102",inspection_report,4,DEMO-V-2102,89,application/pdf
MAINT-V-2102-history-card.pdf,02_Document_Corpus/MAINT-V-2102-history-card.pdf,"Maintenance history card, V-2102",inspection_report,5,DEMO-V-2102,17,application/pdf
DS-C-2101-datasheet.pdf,02_Document_Corpus/DS-C-2101-datasheet.pdf,"Equipment datasheet, C-2101",oem_manual,3,DEMO-C-2101,1703,application/pdf
TEST-C-2101-record.pdf,02_Document_Corpus/TEST-C-2101-record.pdf,"External inspection and thickness survey, C-2101",inspection_report,4,DEMO-C-2101,120,application/pdf
MAINT-C-2101-history-card.pdf,02_Document_Corpus/MAINT-C-2101-history-card.pdf,"Maintenance history card, C-2101",inspection_report,5,DEMO-C-2101,14,application/pdf
DS-C-2102-datasheet.pdf,02_Document_Corpus/DS-C-2102-datasheet.pdf,"Equipment datasheet, C-2102",oem_manual,3,DEMO-C-2102,1481,application/pdf
TEST-C-2102-record.pdf,02_Document_Corpus/TEST-C-2102-record.pdf,"External inspection and thickness survey, C-2102",inspection_report,4,DEMO-C-2102,283,application/pdf
MAINT-C-2102-history-card.pdf,02_Document_Corpus/MAINT-C-2102-history-card.pdf,"Maintenance history card, C-2102",inspection_report,5,DEMO-C-2102,48,application/pdf
DS-H-2101-datasheet.pdf,02_Document_Corpus/DS-H-2101-datasheet.pdf,"Equipment datasheet, H-2101",oem_manual,3,DEMO-H-2101,1327,application/pdf
TEST-H-2101-record.pdf,02_Document_Corpus/TEST-H-2101-record.pdf,"Burner and tube inspection, H-2101",inspection_report,4,DEMO-H-2101,173,application/pdf
MAINT-H-2101-history-card.pdf,02_Document_Corpus/MAINT-H-2101-history-card.pdf,"Maintenance history card, H-2101",inspection_report,5,DEMO-H-2101,38,application/pdf
DS-E-2101-datasheet.pdf,02_Document_Corpus/DS-E-2101-datasheet.pdf,"Equipment datasheet, E-2101",oem_manual,3,DEMO-E-2101,902,application/pdf
TEST-E-2101-record.pdf,02_Document_Corpus/TEST-E-2101-record.pdf,"Tube bundle inspection, E-2101",inspection_report,4,DEMO-E-2101,160,application/pdf
MAINT-E-2101-history-card.pdf,02_Document_Corpus/MAINT-E-2101-history-card.pdf,"Maintenance history card, E-2101",inspection_report,5,DEMO-E-2101,21,application/pdf
DS-E-2102-datasheet.pdf,02_Document_Corpus/DS-E-2102-datasheet.pdf,"Equipment datasheet, E-2102",oem_manual,3,DEMO-E-2102,1287,application/pdf
TEST-E-2102-record.pdf,02_Document_Corpus/TEST-E-2102-record.pdf,"Tube bundle inspection, E-2102",inspection_report,4,DEMO-E-2102,372,application/pdf
MAINT-E-2102-history-card.pdf,02_Document_Corpus/MAINT-E-2102-history-card.pdf,"Maintenance history card, E-2102",inspection_report,5,DEMO-E-2102,19,application/pdf
DS-E-2103-datasheet.pdf,02_Document_Corpus/DS-E-2103-datasheet.pdf,"Equipment datasheet, E-2103",oem_manual,3,DEMO-E-2103,1719,application/pdf
TEST-E-2103-record.pdf,02_Document_Corpus/TEST-E-2103-record.pdf,"Tube bundle inspection, E-2103",inspection_report,4,DEMO-E-2103,376,application/pdf
MAINT-E-2103-history-card.pdf,02_Document_Corpus/MAINT-E-2103-history-card.pdf,"Maintenance history card, E-2103",inspection_report,5,DEMO-E-2103,22,application/pdf
DS-E-2104-datasheet.pdf,02_Document_Corpus/DS-E-2104-datasheet.pdf,"Equipment datasheet, E-2104",oem_manual,3,DEMO-E-2104,1295,application/pdf
TEST-E-2104-record.pdf,02_Document_Corpus/TEST-E-2104-record.pdf,"Tube bundle inspection, E-2104",inspection_report,4,DEMO-E-2104,357,application/pdf
MAINT-E-2104-history-card.pdf,02_Document_Corpus/MAINT-E-2104-history-card.pdf,"Maintenance history card, E-2104",inspection_report,5,DEMO-E-2104,60,application/pdf
DS-E-2105-datasheet.pdf,02_Document_Corpus/DS-E-2105-datasheet.pdf,"Equipment datasheet, E-2105",oem_manual,3,DEMO-E-2105,1579,application/pdf
TEST-E-2105-record.pdf,02_Document_Corpus/TEST-E-2105-record.pdf,"Tube bundle inspection, E-2105",inspection_report,4,DEMO-E-2105,235,application/pdf
MAINT-E-2105-history-card.pdf,02_Document_Corpus/MAINT-E-2105-history-card.pdf,"Maintenance history card, E-2105",inspection_report,5,DEMO-E-2105,28,application/pdf
DS-FV-2101-datasheet.pdf,02_Document_Corpus/DS-FV-2101-datasheet.pdf,"Equipment datasheet, FV-2101",oem_manual,3,DEMO-FV-2101,1116,application/pdf
TEST-FV-2101-record.pdf,02_Document_Corpus/TEST-FV-2101-record.pdf,"Stroke and positioner calibration, FV-2101",inspection_report,4,DEMO-FV-2101,262,application/pdf
MAINT-FV-2101-history-card.pdf,02_Document_Corpus/MAINT-FV-2101-history-card.pdf,"Maintenance history card, FV-2101",inspection_report,5,DEMO-FV-2101,11,application/pdf
DS-FV-2102-datasheet.pdf,02_Document_Corpus/DS-FV-2102-datasheet.pdf,"Equipment datasheet, FV-2102",oem_manual,3,DEMO-FV-2102,1169,application/pdf
TEST-FV-2102-record.pdf,02_Document_Corpus/TEST-FV-2102-record.pdf,"Stroke and positioner calibration, FV-2102",inspection_report,4,DEMO-FV-2102,229,application/pdf
MAINT-FV-2102-history-card.pdf,02_Document_Corpus/MAINT-FV-2102-history-card.pdf,"Maintenance history card, FV-2102",inspection_report,5,DEMO-FV-2102,25,application/pdf
DS-FV-2103-datasheet.pdf,02_Document_Corpus/DS-FV-2103-datasheet.pdf,"Equipment datasheet, FV-2103",oem_manual,3,DEMO-FV-2103,1254,application/pdf
TEST-FV-2103-record.pdf,02_Document_Corpus/TEST-FV-2103-record.pdf,"Stroke and positioner calibration, FV-2103",inspection_report,4,DEMO-FV-2103,367,application/pdf
MAINT-FV-2103-history-card.pdf,02_Document_Corpus/MAINT-FV-2103-history-card.pdf,"Maintenance history card, FV-2103",inspection_report,5,DEMO-FV-2103,57,application/pdf
DS-FV-2104-datasheet.pdf,02_Document_Corpus/DS-FV-2104-datasheet.pdf,"Equipment datasheet, FV-2104",oem_manual,3,DEMO-FV-2104,1508,application/pdf
TEST-FV-2104-record.pdf,02_Document_Corpus/TEST-FV-2104-record.pdf,"Stroke and positioner calibration, FV-2104",inspection_report,4,DEMO-FV-2104,140,application/pdf
MAINT-FV-2104-history-card.pdf,02_Document_Corpus/MAINT-FV-2104-history-card.pdf,"Maintenance history card, FV-2104",inspection_report,5,DEMO-FV-2104,58,application/pdf
DS-XV-2101-datasheet.pdf,02_Document_Corpus/DS-XV-2101-datasheet.pdf,"Equipment datasheet, XV-2101",oem_manual,3,DEMO-XV-2101,1133,application/pdf
TEST-XV-2101-record.pdf,02_Document_Corpus/TEST-XV-2101-record.pdf,"Stroke test, XV-2101",inspection_report,4,DEMO-XV-2101,213,application/pdf
MAINT-XV-2101-history-card.pdf,02_Document_Corpus/MAINT-XV-2101-history-card.pdf,"Maintenance history card, XV-2101",inspection_report,5,DEMO-XV-2101,30,application/pdf
DS-XV-2102-datasheet.pdf,02_Document_Corpus/DS-XV-2102-datasheet.pdf,"Equipment datasheet, XV-2102",oem_manual,3,DEMO-XV-2102,793,application/pdf
TEST-XV-2102-record.pdf,02_Document_Corpus/TEST-XV-2102-record.pdf,"Stroke test, XV-2102",inspection_report,4,DEMO-XV-2102,386,application/pdf
MAINT-XV-2102-history-card.pdf,02_Document_Corpus/MAINT-XV-2102-history-card.pdf,"Maintenance history card, XV-2102",inspection_report,5,DEMO-XV-2102,52,application/pdf
DS-XV-2103-datasheet.pdf,02_Document_Corpus/DS-XV-2103-datasheet.pdf,"Equipment datasheet, XV-2103",oem_manual,3,DEMO-XV-2103,1479,application/pdf
TEST-XV-2103-record.pdf,02_Document_Corpus/TEST-XV-2103-record.pdf,"Stroke test, XV-2103",inspection_report,4,DEMO-XV-2103,160,application/pdf
MAINT-XV-2103-history-card.pdf,02_Document_Corpus/MAINT-XV-2103-history-card.pdf,"Maintenance history card, XV-2103",inspection_report,5,DEMO-XV-2103,47,application/pdf
DS-PSV-2101-datasheet.pdf,02_Document_Corpus/DS-PSV-2101-datasheet.pdf,"Equipment datasheet, PSV-2101",oem_manual,3,DEMO-PSV-2101,608,application/pdf
TEST-PSV-2101-record.pdf,02_Document_Corpus/TEST-PSV-2101-record.pdf,"Bench test and reset, PSV-2101",inspection_report,4,DEMO-PSV-2101,348,application/pdf
DS-PSV-2102-datasheet.pdf,02_Document_Corpus/DS-PSV-2102-datasheet.pdf,"Equipment datasheet, PSV-2102",oem_manual,3,DEMO-PSV-2102,532,application/pdf
TEST-PSV-2102-record.pdf,02_Document_Corpus/TEST-PSV-2102-record.pdf,"Bench test and reset, PSV-2102",inspection_report,4,DEMO-PSV-2102,291,application/pdf
MAINT-PSV-2102-history-card.pdf,02_Document_Corpus/MAINT-PSV-2102-history-card.pdf,"Maintenance history card, PSV-2102",inspection_report,5,DEMO-PSV-2102,43,application/pdf
DS-PSV-2103-datasheet.pdf,02_Document_Corpus/DS-PSV-2103-datasheet.pdf,"Equipment datasheet, PSV-2103",oem_manual,3,DEMO-PSV-2103,593,application/pdf
TEST-PSV-2103-record.pdf,02_Document_Corpus/TEST-PSV-2103-record.pdf,"Bench test and reset, PSV-2103",inspection_report,4,DEMO-PSV-2103,123,application/pdf
MAINT-PSV-2103-history-card.pdf,02_Document_Corpus/MAINT-PSV-2103-history-card.pdf,"Maintenance history card, PSV-2103",inspection_report,5,DEMO-PSV-2103,34,application/pdf
DS-TT-2101-datasheet.pdf,02_Document_Corpus/DS-TT-2101-datasheet.pdf,"Equipment datasheet, TT-2101",oem_manual,3,DEMO-TT-2101,1606,application/pdf
TEST-TT-2101-record.pdf,02_Document_Corpus/TEST-TT-2101-record.pdf,"Calibration record, TT-2101",inspection_report,4,DEMO-TT-2101,247,application/pdf
MAINT-TT-2101-history-card.pdf,02_Document_Corpus/MAINT-TT-2101-history-card.pdf,"Maintenance history card, TT-2101",inspection_report,5,DEMO-TT-2101,46,application/pdf
DS-TT-2102-datasheet.pdf,02_Document_Corpus/DS-TT-2102-datasheet.pdf,"Equipment datasheet, TT-2102",oem_manual,3,DEMO-TT-2102,1252,application/pdf
TEST-TT-2102-record.pdf,02_Document_Corpus/TEST-TT-2102-record.pdf,"Calibration record, TT-2102",inspection_report,4,DEMO-TT-2102,315,application/pdf
MAINT-TT-2102-history-card.pdf,02_Document_Corpus/MAINT-TT-2102-history-card.pdf,"Maintenance history card, TT-2102",inspection_report,5,DEMO-TT-2102,23,application/pdf
DS-PT-2101-datasheet.pdf,02_Document_Corpus/DS-PT-2101-datasheet.pdf,"Equipment datasheet, PT-2101",oem_manual,3,DEMO-PT-2101,1120,application/pdf
TEST-PT-2101-record.pdf,02_Document_Corpus/TEST-PT-2101-record.pdf,"Calibration record, PT-2101",inspection_report,4,DEMO-PT-2101,38,application/pdf
MAINT-PT-2101-history-card.pdf,02_Document_Corpus/MAINT-PT-2101-history-card.pdf,"Maintenance history card, PT-2101",inspection_report,5,DEMO-PT-2101,15,application/pdf
DS-AT-2101-datasheet.pdf,02_Document_Corpus/DS-AT-2101-datasheet.pdf,"Equipment datasheet, AT-2101",oem_manual,3,DEMO-AT-2101,1620,application/pdf
TEST-AT-2101-record.pdf,02_Document_Corpus/TEST-AT-2101-record.pdf,"Calibration record, AT-2101",inspection_report,4,DEMO-AT-2101,303,application/pdf
MAINT-AT-2101-history-card.pdf,02_Document_Corpus/MAINT-AT-2101-history-card.pdf,"Maintenance history card, AT-2101",inspection_report,5,DEMO-AT-2101,42,application/pdf
DS-VT-2101A-datasheet.pdf,02_Document_Corpus/DS-VT-2101A-datasheet.pdf,"Equipment datasheet, VT-2101A",oem_manual,3,DEMO-VT-2101A,943,application/pdf
TEST-VT-2101A-record.pdf,02_Document_Corpus/TEST-VT-2101A-record.pdf,"Calibration record, VT-2101A",inspection_report,4,DEMO-VT-2101A,247,application/pdf
MAINT-VT-2101A-history-card.pdf,02_Document_Corpus/MAINT-VT-2101A-history-card.pdf,"Maintenance history card, VT-2101A",inspection_report,5,DEMO-VT-2101A,52,application/pdf
DS-TT-2103-datasheet.pdf,02_Document_Corpus/DS-TT-2103-datasheet.pdf,"Equipment datasheet, TT-2103",oem_manual,3,DEMO-TT-2103,1452,application/pdf
TEST-TT-2103-record.pdf,02_Document_Corpus/TEST-TT-2103-record.pdf,"Calibration record, TT-2103",inspection_report,4,DEMO-TT-2103,255,application/pdf
MAINT-TT-2103-history-card.pdf,02_Document_Corpus/MAINT-TT-2103-history-card.pdf,"Maintenance history card, TT-2103",inspection_report,5,DEMO-TT-2103,39,application/pdf
DS-VT-2101B-datasheet.pdf,02_Document_Corpus/DS-VT-2101B-datasheet.pdf,"Equipment datasheet, VT-2101B",oem_manual,3,DEMO-VT-2101B,712,application/pdf
TEST-VT-2101B-record.pdf,02_Document_Corpus/TEST-VT-2101B-record.pdf,"Calibration record, VT-2101B",inspection_report,4,DEMO-VT-2101B,46,application/pdf
MAINT-VT-2101B-history-card.pdf,02_Document_Corpus/MAINT-VT-2101B-history-card.pdf,"Maintenance history card, VT-2101B",inspection_report,5,DEMO-VT-2101B,45,application/pdf
DS-P-3101B-datasheet.pdf,02_Document_Corpus/DS-P-3101B-datasheet.pdf,"Equipment datasheet, P-3101B",oem_manual,3,DEMO-P-3101B,1694,application/pdf
TEST-P-3101B-record.pdf,02_Document_Corpus/TEST-P-3101B-record.pdf,"Condition and performance test, P-3101B",inspection_report,4,DEMO-P-3101B,156,application/pdf
DS-P-3101C-datasheet.pdf,02_Document_Corpus/DS-P-3101C-datasheet.pdf,"Equipment datasheet, P-3101C",oem_manual,3,DEMO-P-3101C,1557,application/pdf
TEST-P-3101C-record.pdf,02_Document_Corpus/TEST-P-3101C-record.pdf,"Condition and performance test, P-3101C",inspection_report,4,DEMO-P-3101C,335,application/pdf
MAINT-P-3101C-history-card.pdf,02_Document_Corpus/MAINT-P-3101C-history-card.pdf,"Maintenance history card, P-3101C",inspection_report,5,DEMO-P-3101C,21,application/pdf
DS-P-3102A-datasheet.pdf,02_Document_Corpus/DS-P-3102A-datasheet.pdf,"Equipment datasheet, P-3102A",oem_manual,3,DEMO-P-3102A,986,application/pdf
TEST-P-3102A-record.pdf,02_Document_Corpus/TEST-P-3102A-record.pdf,"Condition and performance test, P-3102A",inspection_report,4,DEMO-P-3102A,339,application/pdf
MAINT-P-3102A-history-card.pdf,02_Document_Corpus/MAINT-P-3102A-history-card.pdf,"Maintenance history card, P-3102A",inspection_report,5,DEMO-P-3102A,23,application/pdf
DS-P-3102B-datasheet.pdf,02_Document_Corpus/DS-P-3102B-datasheet.pdf,"Equipment datasheet, P-3102B",oem_manual,3,DEMO-P-3102B,1207,application/pdf
TEST-P-3102B-record.pdf,02_Document_Corpus/TEST-P-3102B-record.pdf,"Condition and performance test, P-3102B",inspection_report,4,DEMO-P-3102B,232,application/pdf
MAINT-P-3102B-history-card.pdf,02_Document_Corpus/MAINT-P-3102B-history-card.pdf,"Maintenance history card, P-3102B",inspection_report,5,DEMO-P-3102B,45,application/pdf
DS-CT-3101-datasheet.pdf,02_Document_Corpus/DS-CT-3101-datasheet.pdf,"Equipment datasheet, CT-3101",oem_manual,3,DEMO-CT-3101,713,application/pdf
TEST-CT-3101-record.pdf,02_Document_Corpus/TEST-CT-3101-record.pdf,"Condition test, CT-3101",inspection_report,4,DEMO-CT-3101,258,application/pdf
MAINT-CT-3101-history-card.pdf,02_Document_Corpus/MAINT-CT-3101-history-card.pdf,"Maintenance history card, CT-3101",inspection_report,5,DEMO-CT-3101,34,application/pdf
DS-K-3101A-datasheet.pdf,02_Document_Corpus/DS-K-3101A-datasheet.pdf,"Equipment datasheet, K-3101A",oem_manual,3,DEMO-K-3101A,1611,application/pdf
TEST-K-3101A-record.pdf,02_Document_Corpus/TEST-K-3101A-record.pdf,"Condition test, K-3101A",inspection_report,4,DEMO-K-3101A,390,application/pdf
MAINT-K-3101A-history-card.pdf,02_Document_Corpus/MAINT-K-3101A-history-card.pdf,"Maintenance history card, K-3101A",inspection_report,5,DEMO-K-3101A,39,application/pdf
DS-K-3101B-datasheet.pdf,02_Document_Corpus/DS-K-3101B-datasheet.pdf,"Equipment datasheet, K-3101B",oem_manual,3,DEMO-K-3101B,1102,application/pdf
TEST-K-3101B-record.pdf,02_Document_Corpus/TEST-K-3101B-record.pdf,"Condition test, K-3101B",inspection_report,4,DEMO-K-3101B,88,application/pdf
MAINT-K-3101B-history-card.pdf,02_Document_Corpus/MAINT-K-3101B-history-card.pdf,"Maintenance history card, K-3101B",inspection_report,5,DEMO-K-3101B,39,application/pdf
DS-B-3101-datasheet.pdf,02_Document_Corpus/DS-B-3101-datasheet.pdf,"Equipment datasheet, B-3101",oem_manual,3,DEMO-B-3101,1620,application/pdf
TEST-B-3101-record.pdf,02_Document_Corpus/TEST-B-3101-record.pdf,"Burner and tube inspection, B-3101",inspection_report,4,DEMO-B-3101,278,application/pdf
DS-V-3101-datasheet.pdf,02_Document_Corpus/DS-V-3101-datasheet.pdf,"Equipment datasheet, V-3101",oem_manual,3,DEMO-V-3101,689,application/pdf
TEST-V-3101-record.pdf,02_Document_Corpus/TEST-V-3101-record.pdf,"External inspection and thickness survey, V-3101",inspection_report,4,DEMO-V-3101,55,application/pdf
MAINT-V-3101-history-card.pdf,02_Document_Corpus/MAINT-V-3101-history-card.pdf,"Maintenance history card, V-3101",inspection_report,5,DEMO-V-3101,50,application/pdf
DS-V-3102-datasheet.pdf,02_Document_Corpus/DS-V-3102-datasheet.pdf,"Equipment datasheet, V-3102",oem_manual,3,DEMO-V-3102,1322,application/pdf
TEST-V-3102-record.pdf,02_Document_Corpus/TEST-V-3102-record.pdf,"External inspection and thickness survey, V-3102",inspection_report,4,DEMO-V-3102,193,application/pdf
MAINT-V-3102-history-card.pdf,02_Document_Corpus/MAINT-V-3102-history-card.pdf,"Maintenance history card, V-3102",inspection_report,5,DEMO-V-3102,27,application/pdf
DS-XV-3101-datasheet.pdf,02_Document_Corpus/DS-XV-3101-datasheet.pdf,"Equipment datasheet, XV-3101",oem_manual,3,DEMO-XV-3101,1200,application/pdf
TEST-XV-3101-record.pdf,02_Document_Corpus/TEST-XV-3101-record.pdf,"Stroke test, XV-3101",inspection_report,4,DEMO-XV-3101,274,application/pdf
MAINT-XV-3101-history-card.pdf,02_Document_Corpus/MAINT-XV-3101-history-card.pdf,"Maintenance history card, XV-3101",inspection_report,5,DEMO-XV-3101,57,application/pdf
DS-XV-3102-datasheet.pdf,02_Document_Corpus/DS-XV-3102-datasheet.pdf,"Equipment datasheet, XV-3102",oem_manual,3,DEMO-XV-3102,524,application/pdf
TEST-XV-3102-record.pdf,02_Document_Corpus/TEST-XV-3102-record.pdf,"Stroke test, XV-3102",inspection_report,4,DEMO-XV-3102,166,application/pdf
MAINT-XV-3102-history-card.pdf,02_Document_Corpus/MAINT-XV-3102-history-card.pdf,"Maintenance history card, XV-3102",inspection_report,5,DEMO-XV-3102,49,application/pdf
DS-XV-3103-datasheet.pdf,02_Document_Corpus/DS-XV-3103-datasheet.pdf,"Equipment datasheet, XV-3103",oem_manual,3,DEMO-XV-3103,1090,application/pdf
TEST-XV-3103-record.pdf,02_Document_Corpus/TEST-XV-3103-record.pdf,"Stroke test, XV-3103",inspection_report,4,DEMO-XV-3103,84,application/pdf
MAINT-XV-3103-history-card.pdf,02_Document_Corpus/MAINT-XV-3103-history-card.pdf,"Maintenance history card, XV-3103",inspection_report,5,DEMO-XV-3103,41,application/pdf
DS-PSV-3101-datasheet.pdf,02_Document_Corpus/DS-PSV-3101-datasheet.pdf,"Equipment datasheet, PSV-3101",oem_manual,3,DEMO-PSV-3101,913,application/pdf
TEST-PSV-3101-record.pdf,02_Document_Corpus/TEST-PSV-3101-record.pdf,"Bench test and reset, PSV-3101",inspection_report,4,DEMO-PSV-3101,306,application/pdf
DS-PSV-3102-datasheet.pdf,02_Document_Corpus/DS-PSV-3102-datasheet.pdf,"Equipment datasheet, PSV-3102",oem_manual,3,DEMO-PSV-3102,1615,application/pdf
TEST-PSV-3102-record.pdf,02_Document_Corpus/TEST-PSV-3102-record.pdf,"Bench test and reset, PSV-3102",inspection_report,4,DEMO-PSV-3102,380,application/pdf
MAINT-PSV-3102-history-card.pdf,02_Document_Corpus/MAINT-PSV-3102-history-card.pdf,"Maintenance history card, PSV-3102",inspection_report,5,DEMO-PSV-3102,48,application/pdf
DS-V-4101-datasheet.pdf,02_Document_Corpus/DS-V-4101-datasheet.pdf,"Equipment datasheet, V-4101",oem_manual,3,DEMO-V-4101,1154,application/pdf
TEST-V-4101-record.pdf,02_Document_Corpus/TEST-V-4101-record.pdf,"External inspection and thickness survey, V-4101",inspection_report,4,DEMO-V-4101,186,application/pdf
DS-V-4102-datasheet.pdf,02_Document_Corpus/DS-V-4102-datasheet.pdf,"Equipment datasheet, V-4102",oem_manual,3,DEMO-V-4102,1785,application/pdf
TEST-V-4102-record.pdf,02_Document_Corpus/TEST-V-4102-record.pdf,"External inspection and thickness survey, V-4102",inspection_report,4,DEMO-V-4102,83,application/pdf
MAINT-V-4102-history-card.pdf,02_Document_Corpus/MAINT-V-4102-history-card.pdf,"Maintenance history card, V-4102",inspection_report,5,DEMO-V-4102,19,application/pdf
DS-P-4101A-datasheet.pdf,02_Document_Corpus/DS-P-4101A-datasheet.pdf,"Equipment datasheet, P-4101A",oem_manual,3,DEMO-P-4101A,541,application/pdf
TEST-P-4101A-record.pdf,02_Document_Corpus/TEST-P-4101A-record.pdf,"Condition and performance test, P-4101A",inspection_report,4,DEMO-P-4101A,257,application/pdf
MAINT-P-4101A-history-card.pdf,02_Document_Corpus/MAINT-P-4101A-history-card.pdf,"Maintenance history card, P-4101A",inspection_report,5,DEMO-P-4101A,21,application/pdf
DS-P-4101B-datasheet.pdf,02_Document_Corpus/DS-P-4101B-datasheet.pdf,"Equipment datasheet, P-4101B",oem_manual,3,DEMO-P-4101B,1351,application/pdf
TEST-P-4101B-record.pdf,02_Document_Corpus/TEST-P-4101B-record.pdf,"Condition and performance test, P-4101B",inspection_report,4,DEMO-P-4101B,38,application/pdf
MAINT-P-4101B-history-card.pdf,02_Document_Corpus/MAINT-P-4101B-history-card.pdf,"Maintenance history card, P-4101B",inspection_report,5,DEMO-P-4101B,32,application/pdf
DS-XV-4101-datasheet.pdf,02_Document_Corpus/DS-XV-4101-datasheet.pdf,"Equipment datasheet, XV-4101",oem_manual,3,DEMO-XV-4101,728,application/pdf
TEST-XV-4101-record.pdf,02_Document_Corpus/TEST-XV-4101-record.pdf,"Stroke test, XV-4101",inspection_report,4,DEMO-XV-4101,247,application/pdf
MAINT-XV-4101-history-card.pdf,02_Document_Corpus/MAINT-XV-4101-history-card.pdf,"Maintenance history card, XV-4101",inspection_report,5,DEMO-XV-4101,32,application/pdf
DS-PSV-4101-datasheet.pdf,02_Document_Corpus/DS-PSV-4101-datasheet.pdf,"Equipment datasheet, PSV-4101",oem_manual,3,DEMO-PSV-4101,1003,application/pdf
TEST-PSV-4101-record.pdf,02_Document_Corpus/TEST-PSV-4101-record.pdf,"Bench test and reset, PSV-4101",inspection_report,4,DEMO-PSV-4101,183,application/pdf
MAINT-PSV-4101-history-card.pdf,02_Document_Corpus/MAINT-PSV-4101-history-card.pdf,"Maintenance history card, PSV-4101",inspection_report,5,DEMO-PSV-4101,21,application/pdf
DS-LT-4101-datasheet.pdf,02_Document_Corpus/DS-LT-4101-datasheet.pdf,"Equipment datasheet, LT-4101",oem_manual,3,DEMO-LT-4101,947,application/pdf
TEST-LT-4101-record.pdf,02_Document_Corpus/TEST-LT-4101-record.pdf,"Calibration record, LT-4101",inspection_report,4,DEMO-LT-4101,360,application/pdf
MAINT-LT-4101-history-card.pdf,02_Document_Corpus/MAINT-LT-4101-history-card.pdf,"Maintenance history card, LT-4101",inspection_report,5,DEMO-LT-4101,36,application/pdf
DS-P-5101A-datasheet.pdf,02_Document_Corpus/DS-P-5101A-datasheet.pdf,"Equipment datasheet, P-5101A",oem_manual,3,DEMO-P-5101A,856,application/pdf
TEST-P-5101A-record.pdf,02_Document_Corpus/TEST-P-5101A-record.pdf,"Condition and performance test, P-5101A",inspection_report,4,DEMO-P-5101A,292,application/pdf
MAINT-P-5101A-history-card.pdf,02_Document_Corpus/MAINT-P-5101A-history-card.pdf,"Maintenance history card, P-5101A",inspection_report,5,DEMO-P-5101A,44,application/pdf
DS-P-5101B-datasheet.pdf,02_Document_Corpus/DS-P-5101B-datasheet.pdf,"Equipment datasheet, P-5101B",oem_manual,3,DEMO-P-5101B,1546,application/pdf
TEST-P-5101B-record.pdf,02_Document_Corpus/TEST-P-5101B-record.pdf,"Condition and performance test, P-5101B",inspection_report,4,DEMO-P-5101B,175,application/pdf
MAINT-P-5101B-history-card.pdf,02_Document_Corpus/MAINT-P-5101B-history-card.pdf,"Maintenance history card, P-5101B",inspection_report,5,DEMO-P-5101B,49,application/pdf
DS-P-5101C-datasheet.pdf,02_Document_Corpus/DS-P-5101C-datasheet.pdf,"Equipment datasheet, P-5101C",oem_manual,3,DEMO-P-5101C,630,application/pdf
TEST-P-5101C-record.pdf,02_Document_Corpus/TEST-P-5101C-record.pdf,"Condition and performance test, P-5101C",inspection_report,4,DEMO-P-5101C,355,application/pdf
MAINT-P-5101C-history-card.pdf,02_Document_Corpus/MAINT-P-5101C-history-card.pdf,"Maintenance history card, P-5101C",inspection_report,5,DEMO-P-5101C,55,application/pdf
DS-P-5102A-datasheet.pdf,02_Document_Corpus/DS-P-5102A-datasheet.pdf,"Equipment datasheet, P-5102A",oem_manual,3,DEMO-P-5102A,1698,application/pdf
TEST-P-5102A-record.pdf,02_Document_Corpus/TEST-P-5102A-record.pdf,"Condition and performance test, P-5102A",inspection_report,4,DEMO-P-5102A,240,application/pdf
MAINT-P-5102A-history-card.pdf,02_Document_Corpus/MAINT-P-5102A-history-card.pdf,"Maintenance history card, P-5102A",inspection_report,5,DEMO-P-5102A,24,application/pdf
DS-P-5102B-datasheet.pdf,02_Document_Corpus/DS-P-5102B-datasheet.pdf,"Equipment datasheet, P-5102B",oem_manual,3,DEMO-P-5102B,760,application/pdf
TEST-P-5102B-record.pdf,02_Document_Corpus/TEST-P-5102B-record.pdf,"Condition and performance test, P-5102B",inspection_report,4,DEMO-P-5102B,69,application/pdf
MAINT-P-5102B-history-card.pdf,02_Document_Corpus/MAINT-P-5102B-history-card.pdf,"Maintenance history card, P-5102B",inspection_report,5,DEMO-P-5102B,19,application/pdf
DS-P-5102C-datasheet.pdf,02_Document_Corpus/DS-P-5102C-datasheet.pdf,"Equipment datasheet, P-5102C",oem_manual,3,DEMO-P-5102C,1797,application/pdf
TEST-P-5102C-record.pdf,02_Document_Corpus/TEST-P-5102C-record.pdf,"Condition and performance test, P-5102C",inspection_report,4,DEMO-P-5102C,54,application/pdf
MAINT-P-5102C-history-card.pdf,02_Document_Corpus/MAINT-P-5102C-history-card.pdf,"Maintenance history card, P-5102C",inspection_report,5,DEMO-P-5102C,42,application/pdf
DS-LA-5101-datasheet.pdf,02_Document_Corpus/DS-LA-5101-datasheet.pdf,"Equipment datasheet, LA-5101",oem_manual,3,DEMO-LA-5101,1392,application/pdf
TEST-LA-5101-record.pdf,02_Document_Corpus/TEST-LA-5101-record.pdf,"Inspection and function test, LA-5101",inspection_report,4,DEMO-LA-5101,298,application/pdf
DS-LA-5102-datasheet.pdf,02_Document_Corpus/DS-LA-5102-datasheet.pdf,"Equipment datasheet, LA-5102",oem_manual,3,DEMO-LA-5102,915,application/pdf
TEST-LA-5102-record.pdf,02_Document_Corpus/TEST-LA-5102-record.pdf,"Inspection and function test, LA-5102",inspection_report,4,DEMO-LA-5102,240,application/pdf
MAINT-LA-5102-history-card.pdf,02_Document_Corpus/MAINT-LA-5102-history-card.pdf,"Maintenance history card, LA-5102",inspection_report,5,DEMO-LA-5102,22,application/pdf
DS-LA-5103-datasheet.pdf,02_Document_Corpus/DS-LA-5103-datasheet.pdf,"Equipment datasheet, LA-5103",oem_manual,3,DEMO-LA-5103,944,application/pdf
TEST-LA-5103-record.pdf,02_Document_Corpus/TEST-LA-5103-record.pdf,"Inspection and function test, LA-5103",inspection_report,4,DEMO-LA-5103,294,application/pdf
MAINT-LA-5103-history-card.pdf,02_Document_Corpus/MAINT-LA-5103-history-card.pdf,"Maintenance history card, LA-5103",inspection_report,5,DEMO-LA-5103,13,application/pdf
DS-LA-5104-datasheet.pdf,02_Document_Corpus/DS-LA-5104-datasheet.pdf,"Equipment datasheet, LA-5104",oem_manual,3,DEMO-LA-5104,626,application/pdf
TEST-LA-5104-record.pdf,02_Document_Corpus/TEST-LA-5104-record.pdf,"Inspection and function test, LA-5104",inspection_report,4,DEMO-LA-5104,391,application/pdf
MAINT-LA-5104-history-card.pdf,02_Document_Corpus/MAINT-LA-5104-history-card.pdf,"Maintenance history card, LA-5104",inspection_report,5,DEMO-LA-5104,38,application/pdf
DS-XV-5101-datasheet.pdf,02_Document_Corpus/DS-XV-5101-datasheet.pdf,"Equipment datasheet, XV-5101",oem_manual,3,DEMO-XV-5101,589,application/pdf
TEST-XV-5101-record.pdf,02_Document_Corpus/TEST-XV-5101-record.pdf,"Stroke test, XV-5101",inspection_report,4,DEMO-XV-5101,69,application/pdf
MAINT-XV-5101-history-card.pdf,02_Document_Corpus/MAINT-XV-5101-history-card.pdf,"Maintenance history card, XV-5101",inspection_report,5,DEMO-XV-5101,42,application/pdf
DS-XV-5102-datasheet.pdf,02_Document_Corpus/DS-XV-5102-datasheet.pdf,"Equipment datasheet, XV-5102",oem_manual,3,DEMO-XV-5102,1425,application/pdf
TEST-XV-5102-record.pdf,02_Document_Corpus/TEST-XV-5102-record.pdf,"Stroke test, XV-5102",inspection_report,4,DEMO-XV-5102,340,application/pdf
MAINT-XV-5102-history-card.pdf,02_Document_Corpus/MAINT-XV-5102-history-card.pdf,"Maintenance history card, XV-5102",inspection_report,5,DEMO-XV-5102,54,application/pdf
DS-XV-5103-datasheet.pdf,02_Document_Corpus/DS-XV-5103-datasheet.pdf,"Equipment datasheet, XV-5103",oem_manual,3,DEMO-XV-5103,714,application/pdf
TEST-XV-5103-record.pdf,02_Document_Corpus/TEST-XV-5103-record.pdf,"Stroke test, XV-5103",inspection_report,4,DEMO-XV-5103,396,application/pdf
MAINT-XV-5103-history-card.pdf,02_Document_Corpus/MAINT-XV-5103-history-card.pdf,"Maintenance history card, XV-5103",inspection_report,5,DEMO-XV-5103,55,application/pdf
DS-XV-5104-datasheet.pdf,02_Document_Corpus/DS-XV-5104-datasheet.pdf,"Equipment datasheet, XV-5104",oem_manual,3,DEMO-XV-5104,1716,application/pdf
TEST-XV-5104-record.pdf,02_Document_Corpus/TEST-XV-5104-record.pdf,"Stroke test, XV-5104",inspection_report,4,DEMO-XV-5104,325,application/pdf
MAINT-XV-5104-history-card.pdf,02_Document_Corpus/MAINT-XV-5104-history-card.pdf,"Maintenance history card, XV-5104",inspection_report,5,DEMO-XV-5104,25,application/pdf
DS-T-6102-datasheet.pdf,02_Document_Corpus/DS-T-6102-datasheet.pdf,"Equipment datasheet, T-6102",oem_manual,3,DEMO-T-6102,1662,application/pdf
DS-T-6103-datasheet.pdf,02_Document_Corpus/DS-T-6103-datasheet.pdf,"Equipment datasheet, T-6103",oem_manual,3,DEMO-T-6103,1760,application/pdf
TEST-T-6103-record.pdf,02_Document_Corpus/TEST-T-6103-record.pdf,"External inspection, T-6103",inspection_report,4,DEMO-T-6103,275,application/pdf
DS-T-6104-datasheet.pdf,02_Document_Corpus/DS-T-6104-datasheet.pdf,"Equipment datasheet, T-6104",oem_manual,3,DEMO-T-6104,1344,application/pdf
TEST-T-6104-record.pdf,02_Document_Corpus/TEST-T-6104-record.pdf,"External inspection, T-6104",inspection_report,4,DEMO-T-6104,134,application/pdf
MAINT-T-6104-history-card.pdf,02_Document_Corpus/MAINT-T-6104-history-card.pdf,"Maintenance history card, T-6104",inspection_report,5,DEMO-T-6104,19,application/pdf
DS-T-6105-datasheet.pdf,02_Document_Corpus/DS-T-6105-datasheet.pdf,"Equipment datasheet, T-6105",oem_manual,3,DEMO-T-6105,1674,application/pdf
TEST-T-6105-record.pdf,02_Document_Corpus/TEST-T-6105-record.pdf,"External inspection, T-6105",inspection_report,4,DEMO-T-6105,236,application/pdf
MAINT-T-6105-history-card.pdf,02_Document_Corpus/MAINT-T-6105-history-card.pdf,"Maintenance history card, T-6105",inspection_report,5,DEMO-T-6105,12,application/pdf
DS-T-6106-datasheet.pdf,02_Document_Corpus/DS-T-6106-datasheet.pdf,"Equipment datasheet, T-6106",oem_manual,3,DEMO-T-6106,917,application/pdf
TEST-T-6106-record.pdf,02_Document_Corpus/TEST-T-6106-record.pdf,"External inspection, T-6106",inspection_report,4,DEMO-T-6106,362,application/pdf
MAINT-T-6106-history-card.pdf,02_Document_Corpus/MAINT-T-6106-history-card.pdf,"Maintenance history card, T-6106",inspection_report,5,DEMO-T-6106,25,application/pdf
DS-T-6107-datasheet.pdf,02_Document_Corpus/DS-T-6107-datasheet.pdf,"Equipment datasheet, T-6107",oem_manual,3,DEMO-T-6107,931,application/pdf
TEST-T-6107-record.pdf,02_Document_Corpus/TEST-T-6107-record.pdf,"External inspection, T-6107",inspection_report,4,DEMO-T-6107,251,application/pdf
MAINT-T-6107-history-card.pdf,02_Document_Corpus/MAINT-T-6107-history-card.pdf,"Maintenance history card, T-6107",inspection_report,5,DEMO-T-6107,56,application/pdf
DS-T-6108-datasheet.pdf,02_Document_Corpus/DS-T-6108-datasheet.pdf,"Equipment datasheet, T-6108",oem_manual,3,DEMO-T-6108,1329,application/pdf
TEST-T-6108-record.pdf,02_Document_Corpus/TEST-T-6108-record.pdf,"External inspection, T-6108",inspection_report,4,DEMO-T-6108,46,application/pdf
MAINT-T-6108-history-card.pdf,02_Document_Corpus/MAINT-T-6108-history-card.pdf,"Maintenance history card, T-6108",inspection_report,5,DEMO-T-6108,20,application/pdf
DS-LT-6101-datasheet.pdf,02_Document_Corpus/DS-LT-6101-datasheet.pdf,"Equipment datasheet, LT-6101",oem_manual,3,DEMO-LT-6101,669,application/pdf
TEST-LT-6101-record.pdf,02_Document_Corpus/TEST-LT-6101-record.pdf,"Calibration record, LT-6101",inspection_report,4,DEMO-LT-6101,59,application/pdf
MAINT-LT-6101-history-card.pdf,02_Document_Corpus/MAINT-LT-6101-history-card.pdf,"Maintenance history card, LT-6101",inspection_report,5,DEMO-LT-6101,18,application/pdf
DS-TT-6101-datasheet.pdf,02_Document_Corpus/DS-TT-6101-datasheet.pdf,"Equipment datasheet, TT-6101",oem_manual,3,DEMO-TT-6101,795,application/pdf
TEST-TT-6101-record.pdf,02_Document_Corpus/TEST-TT-6101-record.pdf,"Calibration record, TT-6101",inspection_report,4,DEMO-TT-6101,304,application/pdf
MAINT-TT-6101-history-card.pdf,02_Document_Corpus/MAINT-TT-6101-history-card.pdf,"Maintenance history card, TT-6101",inspection_report,5,DEMO-TT-6101,51,application/pdf
DS-LT-6102-datasheet.pdf,02_Document_Corpus/DS-LT-6102-datasheet.pdf,"Equipment datasheet, LT-6102",oem_manual,3,DEMO-LT-6102,1017,application/pdf
TEST-LT-6102-record.pdf,02_Document_Corpus/TEST-LT-6102-record.pdf,"Calibration record, LT-6102",inspection_report,4,DEMO-LT-6102,396,application/pdf
MAINT-LT-6102-history-card.pdf,02_Document_Corpus/MAINT-LT-6102-history-card.pdf,"Maintenance history card, LT-6102",inspection_report,5,DEMO-LT-6102,41,application/pdf
DS-TT-6102-datasheet.pdf,02_Document_Corpus/DS-TT-6102-datasheet.pdf,"Equipment datasheet, TT-6102",oem_manual,3,DEMO-TT-6102,792,application/pdf
TEST-TT-6102-record.pdf,02_Document_Corpus/TEST-TT-6102-record.pdf,"Calibration record, TT-6102",inspection_report,4,DEMO-TT-6102,191,application/pdf
MAINT-TT-6102-history-card.pdf,02_Document_Corpus/MAINT-TT-6102-history-card.pdf,"Maintenance history card, TT-6102",inspection_report,5,DEMO-TT-6102,23,application/pdf
DS-LT-6103-datasheet.pdf,02_Document_Corpus/DS-LT-6103-datasheet.pdf,"Equipment datasheet, LT-6103",oem_manual,3,DEMO-LT-6103,1688,application/pdf
TEST-LT-6103-record.pdf,02_Document_Corpus/TEST-LT-6103-record.pdf,"Calibration record, LT-6103",inspection_report,4,DEMO-LT-6103,351,application/pdf
MAINT-LT-6103-history-card.pdf,02_Document_Corpus/MAINT-LT-6103-history-card.pdf,"Maintenance history card, LT-6103",inspection_report,5,DEMO-LT-6103,44,application/pdf
DS-TT-6103-datasheet.pdf,02_Document_Corpus/DS-TT-6103-datasheet.pdf,"Equipment datasheet, TT-6103",oem_manual,3,DEMO-TT-6103,1167,application/pdf
TEST-TT-6103-record.pdf,02_Document_Corpus/TEST-TT-6103-record.pdf,"Calibration record, TT-6103",inspection_report,4,DEMO-TT-6103,85,application/pdf
MAINT-TT-6103-history-card.pdf,02_Document_Corpus/MAINT-TT-6103-history-card.pdf,"Maintenance history card, TT-6103",inspection_report,5,DEMO-TT-6103,60,application/pdf
DS-LT-6104-datasheet.pdf,02_Document_Corpus/DS-LT-6104-datasheet.pdf,"Equipment datasheet, LT-6104",oem_manual,3,DEMO-LT-6104,1426,application/pdf
TEST-LT-6104-record.pdf,02_Document_Corpus/TEST-LT-6104-record.pdf,"Calibration record, LT-6104",inspection_report,4,DEMO-LT-6104,385,application/pdf
MAINT-LT-6104-history-card.pdf,02_Document_Corpus/MAINT-LT-6104-history-card.pdf,"Maintenance history card, LT-6104",inspection_report,5,DEMO-LT-6104,38,application/pdf
DS-TT-6104-datasheet.pdf,02_Document_Corpus/DS-TT-6104-datasheet.pdf,"Equipment datasheet, TT-6104",oem_manual,3,DEMO-TT-6104,1159,application/pdf
TEST-TT-6104-record.pdf,02_Document_Corpus/TEST-TT-6104-record.pdf,"Calibration record, TT-6104",inspection_report,4,DEMO-TT-6104,185,application/pdf
MAINT-TT-6104-history-card.pdf,02_Document_Corpus/MAINT-TT-6104-history-card.pdf,"Maintenance history card, TT-6104",inspection_report,5,DEMO-TT-6104,60,application/pdf
DS-P-6101A-datasheet.pdf,02_Document_Corpus/DS-P-6101A-datasheet.pdf,"Equipment datasheet, P-6101A",oem_manual,3,DEMO-P-6101A,620,application/pdf
TEST-P-6101A-record.pdf,02_Document_Corpus/TEST-P-6101A-record.pdf,"Condition and performance test, P-6101A",inspection_report,4,DEMO-P-6101A,78,application/pdf
MAINT-P-6101A-history-card.pdf,02_Document_Corpus/MAINT-P-6101A-history-card.pdf,"Maintenance history card, P-6101A",inspection_report,5,DEMO-P-6101A,23,application/pdf
DS-P-6101B-datasheet.pdf,02_Document_Corpus/DS-P-6101B-datasheet.pdf,"Equipment datasheet, P-6101B",oem_manual,3,DEMO-P-6101B,525,application/pdf
TEST-P-6101B-record.pdf,02_Document_Corpus/TEST-P-6101B-record.pdf,"Condition and performance test, P-6101B",inspection_report,4,DEMO-P-6101B,133,application/pdf
MAINT-P-6101B-history-card.pdf,02_Document_Corpus/MAINT-P-6101B-history-card.pdf,"Maintenance history card, P-6101B",inspection_report,5,DEMO-P-6101B,16,application/pdf
DS-P-6101C-datasheet.pdf,02_Document_Corpus/DS-P-6101C-datasheet.pdf,"Equipment datasheet, P-6101C",oem_manual,3,DEMO-P-6101C,1723,application/pdf
TEST-P-6101C-record.pdf,02_Document_Corpus/TEST-P-6101C-record.pdf,"Condition and performance test, P-6101C",inspection_report,4,DEMO-P-6101C,124,application/pdf
MAINT-P-6101C-history-card.pdf,02_Document_Corpus/MAINT-P-6101C-history-card.pdf,"Maintenance history card, P-6101C",inspection_report,5,DEMO-P-6101C,21,application/pdf
DS-P-6101D-datasheet.pdf,02_Document_Corpus/DS-P-6101D-datasheet.pdf,"Equipment datasheet, P-6101D",oem_manual,3,DEMO-P-6101D,1464,application/pdf
TEST-P-6101D-record.pdf,02_Document_Corpus/TEST-P-6101D-record.pdf,"Condition and performance test, P-6101D",inspection_report,4,DEMO-P-6101D,58,application/pdf
MAINT-P-6101D-history-card.pdf,02_Document_Corpus/MAINT-P-6101D-history-card.pdf,"Maintenance history card, P-6101D",inspection_report,5,DEMO-P-6101D,22,application/pdf
DS-P-6101E-datasheet.pdf,02_Document_Corpus/DS-P-6101E-datasheet.pdf,"Equipment datasheet, P-6101E",oem_manual,3,DEMO-P-6101E,908,application/pdf
TEST-P-6101E-record.pdf,02_Document_Corpus/TEST-P-6101E-record.pdf,"Condition and performance test, P-6101E",inspection_report,4,DEMO-P-6101E,384,application/pdf
MAINT-P-6101E-history-card.pdf,02_Document_Corpus/MAINT-P-6101E-history-card.pdf,"Maintenance history card, P-6101E",inspection_report,5,DEMO-P-6101E,12,application/pdf
DS-P-6101F-datasheet.pdf,02_Document_Corpus/DS-P-6101F-datasheet.pdf,"Equipment datasheet, P-6101F",oem_manual,3,DEMO-P-6101F,975,application/pdf
TEST-P-6101F-record.pdf,02_Document_Corpus/TEST-P-6101F-record.pdf,"Condition and performance test, P-6101F",inspection_report,4,DEMO-P-6101F,324,application/pdf
MAINT-P-6101F-history-card.pdf,02_Document_Corpus/MAINT-P-6101F-history-card.pdf,"Maintenance history card, P-6101F",inspection_report,5,DEMO-P-6101F,59,application/pdf
DS-P-6201A-datasheet.pdf,02_Document_Corpus/DS-P-6201A-datasheet.pdf,"Equipment datasheet, P-6201A",oem_manual,3,DEMO-P-6201A,789,application/pdf
TEST-P-6201A-record.pdf,02_Document_Corpus/TEST-P-6201A-record.pdf,"Condition and performance test, P-6201A",inspection_report,4,DEMO-P-6201A,194,application/pdf
DS-P-6201B-datasheet.pdf,02_Document_Corpus/DS-P-6201B-datasheet.pdf,"Equipment datasheet, P-6201B",oem_manual,3,DEMO-P-6201B,813,application/pdf
TEST-P-6201B-record.pdf,02_Document_Corpus/TEST-P-6201B-record.pdf,"Condition and performance test, P-6201B",inspection_report,4,DEMO-P-6201B,128,application/pdf
DS-P-6201C-datasheet.pdf,02_Document_Corpus/DS-P-6201C-datasheet.pdf,"Equipment datasheet, P-6201C",oem_manual,3,DEMO-P-6201C,1526,application/pdf
TEST-P-6201C-record.pdf,02_Document_Corpus/TEST-P-6201C-record.pdf,"Condition and performance test, P-6201C",inspection_report,4,DEMO-P-6201C,387,application/pdf
MAINT-P-6201C-history-card.pdf,02_Document_Corpus/MAINT-P-6201C-history-card.pdf,"Maintenance history card, P-6201C",inspection_report,5,DEMO-P-6201C,39,application/pdf
DS-XV-6101-datasheet.pdf,02_Document_Corpus/DS-XV-6101-datasheet.pdf,"Equipment datasheet, XV-6101",oem_manual,3,DEMO-XV-6101,762,application/pdf
TEST-XV-6101-record.pdf,02_Document_Corpus/TEST-XV-6101-record.pdf,"Stroke test, XV-6101",inspection_report,4,DEMO-XV-6101,283,application/pdf
DS-XV-6102-datasheet.pdf,02_Document_Corpus/DS-XV-6102-datasheet.pdf,"Equipment datasheet, XV-6102",oem_manual,3,DEMO-XV-6102,538,application/pdf
TEST-XV-6102-record.pdf,02_Document_Corpus/TEST-XV-6102-record.pdf,"Stroke test, XV-6102",inspection_report,4,DEMO-XV-6102,139,application/pdf
MAINT-XV-6102-history-card.pdf,02_Document_Corpus/MAINT-XV-6102-history-card.pdf,"Maintenance history card, XV-6102",inspection_report,5,DEMO-XV-6102,59,application/pdf
DS-XV-6103-datasheet.pdf,02_Document_Corpus/DS-XV-6103-datasheet.pdf,"Equipment datasheet, XV-6103",oem_manual,3,DEMO-XV-6103,1028,application/pdf
TEST-XV-6103-record.pdf,02_Document_Corpus/TEST-XV-6103-record.pdf,"Stroke test, XV-6103",inspection_report,4,DEMO-XV-6103,193,application/pdf
MAINT-XV-6103-history-card.pdf,02_Document_Corpus/MAINT-XV-6103-history-card.pdf,"Maintenance history card, XV-6103",inspection_report,5,DEMO-XV-6103,55,application/pdf
DS-XV-6104-datasheet.pdf,02_Document_Corpus/DS-XV-6104-datasheet.pdf,"Equipment datasheet, XV-6104",oem_manual,3,DEMO-XV-6104,1584,application/pdf
TEST-XV-6104-record.pdf,02_Document_Corpus/TEST-XV-6104-record.pdf,"Stroke test, XV-6104",inspection_report,4,DEMO-XV-6104,209,application/pdf
MAINT-XV-6104-history-card.pdf,02_Document_Corpus/MAINT-XV-6104-history-card.pdf,"Maintenance history card, XV-6104",inspection_report,5,DEMO-XV-6104,31,application/pdf
DS-XV-6105-datasheet.pdf,02_Document_Corpus/DS-XV-6105-datasheet.pdf,"Equipment datasheet, XV-6105",oem_manual,3,DEMO-XV-6105,982,application/pdf
TEST-XV-6105-record.pdf,02_Document_Corpus/TEST-XV-6105-record.pdf,"Stroke test, XV-6105",inspection_report,4,DEMO-XV-6105,110,application/pdf
MAINT-XV-6105-history-card.pdf,02_Document_Corpus/MAINT-XV-6105-history-card.pdf,"Maintenance history card, XV-6105",inspection_report,5,DEMO-XV-6105,54,application/pdf
DS-XV-6106-datasheet.pdf,02_Document_Corpus/DS-XV-6106-datasheet.pdf,"Equipment datasheet, XV-6106",oem_manual,3,DEMO-XV-6106,1300,application/pdf
TEST-XV-6106-record.pdf,02_Document_Corpus/TEST-XV-6106-record.pdf,"Stroke test, XV-6106",inspection_report,4,DEMO-XV-6106,184,application/pdf
MAINT-XV-6106-history-card.pdf,02_Document_Corpus/MAINT-XV-6106-history-card.pdf,"Maintenance history card, XV-6106",inspection_report,5,DEMO-XV-6106,12,application/pdf
DS-PSV-6101-datasheet.pdf,02_Document_Corpus/DS-PSV-6101-datasheet.pdf,"Equipment datasheet, PSV-6101",oem_manual,3,DEMO-PSV-6101,1325,application/pdf
TEST-PSV-6101-record.pdf,02_Document_Corpus/TEST-PSV-6101-record.pdf,"Bench test and reset, PSV-6101",inspection_report,4,DEMO-PSV-6101,198,application/pdf
MAINT-PSV-6101-history-card.pdf,02_Document_Corpus/MAINT-PSV-6101-history-card.pdf,"Maintenance history card, PSV-6101",inspection_report,5,DEMO-PSV-6101,30,application/pdf
DS-PSV-6102-datasheet.pdf,02_Document_Corpus/DS-PSV-6102-datasheet.pdf,"Equipment datasheet, PSV-6102",oem_manual,3,DEMO-PSV-6102,1359,application/pdf
TEST-PSV-6102-record.pdf,02_Document_Corpus/TEST-PSV-6102-record.pdf,"Bench test and reset, PSV-6102",inspection_report,4,DEMO-PSV-6102,276,application/pdf
MAINT-PSV-6102-history-card.pdf,02_Document_Corpus/MAINT-PSV-6102-history-card.pdf,"Maintenance history card, PSV-6102",inspection_report,5,DEMO-PSV-6102,12,application/pdf
DS-PSV-6103-datasheet.pdf,02_Document_Corpus/DS-PSV-6103-datasheet.pdf,"Equipment datasheet, PSV-6103",oem_manual,3,DEMO-PSV-6103,938,application/pdf
TEST-PSV-6103-record.pdf,02_Document_Corpus/TEST-PSV-6103-record.pdf,"Bench test and reset, PSV-6103",inspection_report,4,DEMO-PSV-6103,226,application/pdf
MAINT-PSV-6103-history-card.pdf,02_Document_Corpus/MAINT-PSV-6103-history-card.pdf,"Maintenance history card, PSV-6103",inspection_report,5,DEMO-PSV-6103,51,application/pdf
DS-LA-6102-datasheet.pdf,02_Document_Corpus/DS-LA-6102-datasheet.pdf,"Equipment datasheet, LA-6102",oem_manual,3,DEMO-LA-6102,906,application/pdf
TEST-LA-6102-record.pdf,02_Document_Corpus/TEST-LA-6102-record.pdf,"Inspection and function test, LA-6102",inspection_report,4,DEMO-LA-6102,340,application/pdf
MAINT-LA-6102-history-card.pdf,02_Document_Corpus/MAINT-LA-6102-history-card.pdf,"Maintenance history card, LA-6102",inspection_report,5,DEMO-LA-6102,33,application/pdf
DS-LA-6103-datasheet.pdf,02_Document_Corpus/DS-LA-6103-datasheet.pdf,"Equipment datasheet, LA-6103",oem_manual,3,DEMO-LA-6103,1453,application/pdf
TEST-LA-6103-record.pdf,02_Document_Corpus/TEST-LA-6103-record.pdf,"Inspection and function test, LA-6103",inspection_report,4,DEMO-LA-6103,65,application/pdf
MAINT-LA-6103-history-card.pdf,02_Document_Corpus/MAINT-LA-6103-history-card.pdf,"Maintenance history card, LA-6103",inspection_report,5,DEMO-LA-6103,40,application/pdf
FAIL-P-1101A-history-card.pdf,02_Document_Corpus/FAIL-P-1101A-history-card.pdf,"Failure history card, P-1101A",inspection_report,5,DEMO-P-1101A,18,application/pdf
FAIL-P-3101B-history-card.pdf,02_Document_Corpus/FAIL-P-3101B-history-card.pdf,"Failure history card, P-3101B",inspection_report,5,DEMO-P-3101B,25,application/pdf
FAIL-K-2101A-history-card.pdf,02_Document_Corpus/FAIL-K-2101A-history-card.pdf,"Failure history card, K-2101A",inspection_report,5,DEMO-K-2101A,21,application/pdf
FAIL-P-2101B-history-card.pdf,02_Document_Corpus/FAIL-P-2101B-history-card.pdf,"Failure history card, P-2101B",inspection_report,5,DEMO-P-2101B,34,application/pdf
FAIL-FV-1103-history-card.pdf,02_Document_Corpus/FAIL-FV-1103-history-card.pdf,"Failure history card, FV-1103",inspection_report,5,DEMO-FV-1103,8,application/pdf
FAIL-P-6101C-history-card.pdf,02_Document_Corpus/FAIL-P-6101C-history-card.pdf,"Failure history card, P-6101C",inspection_report,5,DEMO-P-6101C,30,application/pdf
FAIL-E-1107B-history-card.pdf,02_Document_Corpus/FAIL-E-1107B-history-card.pdf,"Failure history card, E-1107B",inspection_report,5,DEMO-E-1107B,39,application/pdf
FAIL-P-1102A-history-card.pdf,02_Document_Corpus/FAIL-P-1102A-history-card.pdf,"Failure history card, P-1102A",inspection_report,5,DEMO-P-1102A,16,application/pdf
