asset_id,tag_number,name,equipment_class,criticality,site_id,facility_id,parent_asset_id,unit,aliases
DEMO-GENERAL,GENERAL,Knowledge transfer and general notes,process_unit,non_critical,SITE_DEMO,BHC,,CDU,
DEMO-UNIT-CDU,UNIT-CDU,Crude Distillation Unit,process_unit,critical,SITE_DEMO,BHC,,CDU,
DEMO-P-1101A,P-1101A,Crude feed pump A,rotating_centrifugal_pump,critical,SITE_DEMO,BHC,DEMO-UNIT-CDU,CDU,CDU feed pump A
DEMO-P-1101B,P-1101B,Crude feed pump B,rotating_centrifugal_pump,critical,SITE_DEMO,BHC,DEMO-UNIT-CDU,CDU,CDU feed pump B
DEMO-P-1102A,P-1102A,Reflux pump A,rotating_centrifugal_pump,critical,SITE_DEMO,BHC,DEMO-UNIT-CDU,CDU,Reflux pump A
DEMO-P-1102B,P-1102B,Reflux pump B,rotating_centrifugal_pump,critical,SITE_DEMO,BHC,DEMO-UNIT-CDU,CDU,Reflux pump B
DEMO-P-1103A,P-1103A,Bottoms pump A,rotating_centrifugal_pump,critical,SITE_DEMO,BHC,DEMO-UNIT-CDU,CDU,
DEMO-P-1103B,P-1103B,Bottoms pump B,rotating_centrifugal_pump,critical,SITE_DEMO,BHC,DEMO-UNIT-CDU,CDU,
DEMO-P-1104A,P-1104A,Kerosene draw pump A,rotating_centrifugal_pump,non_critical,SITE_DEMO,BHC,DEMO-UNIT-CDU,CDU,
DEMO-P-1104B,P-1104B,Kerosene draw pump B,rotating_centrifugal_pump,non_critical,SITE_DEMO,BHC,DEMO-UNIT-CDU,CDU,
DEMO-V-1101,V-1101,Desalter,pressure_vessel,critical,SITE_DEMO,BHC,DEMO-UNIT-CDU,CDU,Desalter
DEMO-C-1101,C-1101,Atmospheric column,pressure_vessel_column,safety_critical,SITE_DEMO,BHC,DEMO-UNIT-CDU,CDU,Main fractionator
DEMO-V-1102,V-1102,Reflux drum,pressure_vessel,critical,SITE_DEMO,BHC,DEMO-UNIT-CDU,CDU,
DEMO-H-1101,H-1101,Crude charge heater,fired_heater,safety_critical,SITE_DEMO,BHC,DEMO-UNIT-CDU,CDU,Crude furnace
DEMO-E-1101,E-1101,Crude preheat exchanger 1,shell_tube_heat_exchanger,critical,SITE_DEMO,BHC,DEMO-UNIT-CDU,CDU,
DEMO-E-1102,E-1102,Crude preheat exchanger 2,shell_tube_heat_exchanger,critical,SITE_DEMO,BHC,DEMO-UNIT-CDU,CDU,
DEMO-E-1103,E-1103,Crude preheat exchanger 3,shell_tube_heat_exchanger,critical,SITE_DEMO,BHC,DEMO-UNIT-CDU,CDU,
DEMO-E-1104,E-1104,Crude preheat exchanger 4,shell_tube_heat_exchanger,non_critical,SITE_DEMO,BHC,DEMO-UNIT-CDU,CDU,
DEMO-E-1105,E-1105,Crude preheat exchanger 5,shell_tube_heat_exchanger,non_critical,SITE_DEMO,BHC,DEMO-UNIT-CDU,CDU,
DEMO-E-1106,E-1106,Crude preheat exchanger 6,shell_tube_heat_exchanger,non_critical,SITE_DEMO,BHC,DEMO-UNIT-CDU,CDU,
DEMO-E-1107A,E-1107A,Overhead condenser A,shell_tube_heat_exchanger,critical,SITE_DEMO,BHC,DEMO-UNIT-CDU,CDU,
DEMO-E-1107B,E-1107B,Overhead condenser B,shell_tube_heat_exchanger,critical,SITE_DEMO,BHC,DEMO-UNIT-CDU,CDU,
DEMO-E-1107C,E-1107C,Overhead condenser C,shell_tube_heat_exchanger,critical,SITE_DEMO,BHC,DEMO-UNIT-CDU,CDU,
DEMO-E-1107D,E-1107D,Overhead condenser D,shell_tube_heat_exchanger,critical,SITE_DEMO,BHC,DEMO-UNIT-CDU,CDU,
DEMO-FV-1101,FV-1101,Flow control valve 1,valve_control,critical,SITE_DEMO,BHC,DEMO-UNIT-CDU,CDU,
DEMO-FV-1102,FV-1102,Flow control valve 2,valve_control,critical,SITE_DEMO,BHC,DEMO-UNIT-CDU,CDU,
DEMO-FV-1103,FV-1103,Flow control valve 3,valve_control,non_critical,SITE_DEMO,BHC,DEMO-UNIT-CDU,CDU,
DEMO-FV-1104,FV-1104,Flow control valve 4,valve_control,non_critical,SITE_DEMO,BHC,DEMO-UNIT-CDU,CDU,
DEMO-FV-1105,FV-1105,Flow control valve 5,valve_control,non_critical,SITE_DEMO,BHC,DEMO-UNIT-CDU,CDU,
DEMO-FV-1106,FV-1106,Flow control valve 6,valve_control,non_critical,SITE_DEMO,BHC,DEMO-UNIT-CDU,CDU,
DEMO-XV-1101,XV-1101,Emergency isolation valve 1,valve_isolation,safety_critical,SITE_DEMO,BHC,DEMO-UNIT-CDU,CDU,
DEMO-XV-1102,XV-1102,Emergency isolation valve 2,valve_isolation,safety_critical,SITE_DEMO,BHC,DEMO-UNIT-CDU,CDU,
DEMO-XV-1103,XV-1103,Emergency isolation valve 3,valve_isolation,safety_critical,SITE_DEMO,BHC,DEMO-UNIT-CDU,CDU,
DEMO-XV-1104,XV-1104,Emergency isolation valve 4,valve_isolation,safety_critical,SITE_DEMO,BHC,DEMO-UNIT-CDU,CDU,
DEMO-PSV-1101,PSV-1101,Pressure safety valve 1,valve_pressure_relief,safety_critical,SITE_DEMO,BHC,DEMO-UNIT-CDU,CDU,
DEMO-PSV-1102,PSV-1102,Pressure safety valve 2,valve_pressure_relief,safety_critical,SITE_DEMO,BHC,DEMO-UNIT-CDU,CDU,
DEMO-PSV-1103,PSV-1103,Pressure safety valve 3,valve_pressure_relief,safety_critical,SITE_DEMO,BHC,DEMO-UNIT-CDU,CDU,
DEMO-PSV-1104,PSV-1104,Pressure safety valve 4,valve_pressure_relief,safety_critical,SITE_DEMO,BHC,DEMO-UNIT-CDU,CDU,
DEMO-PT-1101,PT-1101,Column top pressure,instrument_transmitter,critical,SITE_DEMO,BHC,DEMO-C-1101,CDU,
DEMO-TT-1101,TT-1101,Column top temperature,instrument_transmitter,critical,SITE_DEMO,BHC,DEMO-C-1101,CDU,
DEMO-LT-1101,LT-1101,Column bottom level,instrument_transmitter,critical,SITE_DEMO,BHC,DEMO-C-1101,CDU,
DEMO-TT-1102,TT-1102,Heater outlet temperature,instrument_transmitter,critical,SITE_DEMO,BHC,DEMO-H-1101,CDU,
DEMO-FT-1101,FT-1101,Heater pass flow,instrument_transmitter,critical,SITE_DEMO,BHC,DEMO-H-1101,CDU,
DEMO-LT-1102,LT-1102,Desalter interface level,instrument_transmitter,critical,SITE_DEMO,BHC,DEMO-V-1101,CDU,
DEMO-LT-1103,LT-1103,Reflux drum level,instrument_transmitter,non_critical,SITE_DEMO,BHC,DEMO-V-1102,CDU,
DEMO-UNIT-HDT,UNIT-HDT,Diesel Hydrotreater,process_unit,critical,SITE_DEMO,BHC,,HDT,
DEMO-P-2101A,P-2101A,Reactor charge pump A,rotating_high_pressure_pump,safety_critical,SITE_DEMO,BHC,DEMO-UNIT-HDT,HDT,HDT charge pump A
DEMO-P-2101B,P-2101B,Reactor charge pump B,rotating_high_pressure_pump,safety_critical,SITE_DEMO,BHC,DEMO-UNIT-HDT,HDT,HDT charge pump B
DEMO-P-2102A,P-2102A,Wash water pump A,rotating_centrifugal_pump,non_critical,SITE_DEMO,BHC,DEMO-UNIT-HDT,HDT,
DEMO-P-2102B,P-2102B,Wash water pump B,rotating_centrifugal_pump,non_critical,SITE_DEMO,BHC,DEMO-UNIT-HDT,HDT,
DEMO-K-2101A,K-2101A,Recycle gas compressor A,reciprocating_compressor,safety_critical,SITE_DEMO,BHC,DEMO-UNIT-HDT,HDT,Recycle compressor A
DEMO-K-2101B,K-2101B,Recycle gas compressor B,reciprocating_compressor,safety_critical,SITE_DEMO,BHC,DEMO-UNIT-HDT,HDT,Recycle compressor B
DEMO-R-2101,R-2101,Hydrotreating reactor,pressure_vessel,safety_critical,SITE_DEMO,BHC,DEMO-UNIT-HDT,HDT,Reactor
DEMO-V-2101,V-2101,Hot high pressure separator,pressure_vessel,safety_critical,SITE_DEMO,BHC,DEMO-UNIT-HDT,HDT,
DEMO-V-2102,V-2102,Cold high pressure separator,pressure_vessel,critical,SITE_DEMO,BHC,DEMO-UNIT-HDT,HDT,
DEMO-C-2101,C-2101,Amine absorber,pressure_vessel_column,critical,SITE_DEMO,BHC,DEMO-UNIT-HDT,HDT,
DEMO-C-2102,C-2102,Product stripper,pressure_vessel_column,critical,SITE_DEMO,BHC,DEMO-UNIT-HDT,HDT,
DEMO-H-2101,H-2101,Reactor charge heater,fired_heater,safety_critical,SITE_DEMO,BHC,DEMO-UNIT-HDT,HDT,
DEMO-E-2101,E-2101,Feed effluent exchanger 1,shell_tube_heat_exchanger,critical,SITE_DEMO,BHC,DEMO-UNIT-HDT,HDT,
DEMO-E-2102,E-2102,Feed effluent exchanger 2,shell_tube_heat_exchanger,critical,SITE_DEMO,BHC,DEMO-UNIT-HDT,HDT,
DEMO-E-2103,E-2103,Feed effluent exchanger 3,shell_tube_heat_exchanger,non_critical,SITE_DEMO,BHC,DEMO-UNIT-HDT,HDT,
DEMO-E-2104,E-2104,Feed effluent exchanger 4,shell_tube_heat_exchanger,non_critical,SITE_DEMO,BHC,DEMO-UNIT-HDT,HDT,
DEMO-E-2105,E-2105,Feed effluent exchanger 5,shell_tube_heat_exchanger,non_critical,SITE_DEMO,BHC,DEMO-UNIT-HDT,HDT,
DEMO-FV-2101,FV-2101,Hydrogen control valve 1,valve_control,critical,SITE_DEMO,BHC,DEMO-UNIT-HDT,HDT,
DEMO-FV-2102,FV-2102,Hydrogen control valve 2,valve_control,critical,SITE_DEMO,BHC,DEMO-UNIT-HDT,HDT,
DEMO-FV-2103,FV-2103,Hydrogen control valve 3,valve_control,critical,SITE_DEMO,BHC,DEMO-UNIT-HDT,HDT,
DEMO-FV-2104,FV-2104,Hydrogen control valve 4,valve_control,critical,SITE_DEMO,BHC,DEMO-UNIT-HDT,HDT,
DEMO-XV-2101,XV-2101,Reactor isolation valve 1,valve_isolation,safety_critical,SITE_DEMO,BHC,DEMO-UNIT-HDT,HDT,
DEMO-XV-2102,XV-2102,Reactor isolation valve 2,valve_isolation,safety_critical,SITE_DEMO,BHC,DEMO-UNIT-HDT,HDT,
DEMO-XV-2103,XV-2103,Reactor isolation valve 3,valve_isolation,safety_critical,SITE_DEMO,BHC,DEMO-UNIT-HDT,HDT,
DEMO-PSV-2101,PSV-2101,Reactor relief valve 1,valve_pressure_relief,safety_critical,SITE_DEMO,BHC,DEMO-UNIT-HDT,HDT,
DEMO-PSV-2102,PSV-2102,Reactor relief valve 2,valve_pressure_relief,safety_critical,SITE_DEMO,BHC,DEMO-UNIT-HDT,HDT,
DEMO-PSV-2103,PSV-2103,Reactor relief valve 3,valve_pressure_relief,safety_critical,SITE_DEMO,BHC,DEMO-UNIT-HDT,HDT,
DEMO-TT-2101,TT-2101,Reactor bed 1 temperature,instrument_transmitter,critical,SITE_DEMO,BHC,DEMO-R-2101,HDT,
DEMO-TT-2102,TT-2102,Reactor bed 2 temperature,instrument_transmitter,critical,SITE_DEMO,BHC,DEMO-R-2101,HDT,
DEMO-PT-2101,PT-2101,Reactor inlet pressure,instrument_transmitter,critical,SITE_DEMO,BHC,DEMO-R-2101,HDT,
DEMO-AT-2101,AT-2101,Hydrogen purity,instrument_transmitter,critical,SITE_DEMO,BHC,DEMO-R-2101,HDT,
DEMO-VT-2101A,VT-2101A,Compressor A vibration,instrument_transmitter,critical,SITE_DEMO,BHC,DEMO-K-2101A,HDT,
DEMO-TT-2103,TT-2103,Compressor A discharge temperature,instrument_transmitter,critical,SITE_DEMO,BHC,DEMO-K-2101A,HDT,
DEMO-VT-2101B,VT-2101B,Compressor B vibration,instrument_transmitter,critical,SITE_DEMO,BHC,DEMO-K-2101B,HDT,
DEMO-UNIT-UTL,UNIT-UTL,Utilities,process_unit,critical,SITE_DEMO,BHC,,UTL,
DEMO-P-3101A,P-3101A,Cooling water pump A,rotating_centrifugal_pump,critical,SITE_DEMO,BHC,DEMO-UNIT-UTL,UTL,CW pump A
DEMO-P-3101B,P-3101B,Cooling water pump B,rotating_centrifugal_pump,critical,SITE_DEMO,BHC,DEMO-UNIT-UTL,UTL,CW pump B
DEMO-P-3101C,P-3101C,Cooling water pump C,rotating_centrifugal_pump,critical,SITE_DEMO,BHC,DEMO-UNIT-UTL,UTL,CW pump C
DEMO-P-3102A,P-3102A,Boiler feed water pump A,rotating_high_pressure_pump,critical,SITE_DEMO,BHC,DEMO-UNIT-UTL,UTL,
DEMO-P-3102B,P-3102B,Boiler feed water pump B,rotating_high_pressure_pump,critical,SITE_DEMO,BHC,DEMO-UNIT-UTL,UTL,
DEMO-CT-3101,CT-3101,Cooling tower,cooling_tower,critical,SITE_DEMO,BHC,DEMO-UNIT-UTL,UTL,
DEMO-K-3101A,K-3101A,Instrument air compressor A,reciprocating_compressor,critical,SITE_DEMO,BHC,DEMO-UNIT-UTL,UTL,
DEMO-K-3101B,K-3101B,Instrument air compressor B,reciprocating_compressor,critical,SITE_DEMO,BHC,DEMO-UNIT-UTL,UTL,
DEMO-B-3101,B-3101,Package boiler,fired_heater,safety_critical,SITE_DEMO,BHC,DEMO-UNIT-UTL,UTL,
DEMO-V-3101,V-3101,Steam drum,pressure_vessel,safety_critical,SITE_DEMO,BHC,DEMO-UNIT-UTL,UTL,
DEMO-V-3102,V-3102,Instrument air receiver,pressure_vessel,critical,SITE_DEMO,BHC,DEMO-UNIT-UTL,UTL,
DEMO-XV-3101,XV-3101,Steam isolation valve 1,valve_isolation,critical,SITE_DEMO,BHC,DEMO-UNIT-UTL,UTL,
DEMO-XV-3102,XV-3102,Steam isolation valve 2,valve_isolation,critical,SITE_DEMO,BHC,DEMO-UNIT-UTL,UTL,
DEMO-XV-3103,XV-3103,Steam isolation valve 3,valve_isolation,critical,SITE_DEMO,BHC,DEMO-UNIT-UTL,UTL,
DEMO-PSV-3101,PSV-3101,Steam drum relief valve 1,valve_pressure_relief,safety_critical,SITE_DEMO,BHC,DEMO-UNIT-UTL,UTL,
DEMO-PSV-3102,PSV-3102,Steam drum relief valve 2,valve_pressure_relief,safety_critical,SITE_DEMO,BHC,DEMO-UNIT-UTL,UTL,
DEMO-UNIT-FLR,UNIT-FLR,Flare and Relief System,process_unit,critical,SITE_DEMO,BHC,,FLR,
DEMO-V-4101,V-4101,Flare knock-out drum,pressure_vessel,safety_critical,SITE_DEMO,BHC,DEMO-UNIT-FLR,FLR,
DEMO-V-4102,V-4102,Flare seal drum,pressure_vessel,safety_critical,SITE_DEMO,BHC,DEMO-UNIT-FLR,FLR,
DEMO-P-4101A,P-4101A,Knock-out drum pump A,rotating_centrifugal_pump,safety_critical,SITE_DEMO,BHC,DEMO-UNIT-FLR,FLR,
DEMO-P-4101B,P-4101B,Knock-out drum pump B,rotating_centrifugal_pump,safety_critical,SITE_DEMO,BHC,DEMO-UNIT-FLR,FLR,
DEMO-XV-4101,XV-4101,Flare header isolation valve,valve_isolation,safety_critical,SITE_DEMO,BHC,DEMO-UNIT-FLR,FLR,
DEMO-PSV-4101,PSV-4101,Flare header relief valve,valve_pressure_relief,safety_critical,SITE_DEMO,BHC,DEMO-UNIT-FLR,FLR,
DEMO-LT-4101,LT-4101,Knock-out drum level,instrument_transmitter,safety_critical,SITE_DEMO,BHC,DEMO-V-4101,FLR,
DEMO-UNIT-BLD,UNIT-BLD,Blending and Dispatch,process_unit,critical,SITE_DEMO,BHC,,BLD,
DEMO-P-5101A,P-5101A,Blend pump A,rotating_centrifugal_pump,critical,SITE_DEMO,BHC,DEMO-UNIT-BLD,BLD,
DEMO-P-5101B,P-5101B,Blend pump B,rotating_centrifugal_pump,critical,SITE_DEMO,BHC,DEMO-UNIT-BLD,BLD,
DEMO-P-5101C,P-5101C,Blend pump C,rotating_centrifugal_pump,critical,SITE_DEMO,BHC,DEMO-UNIT-BLD,BLD,
DEMO-P-5102A,P-5102A,Dispatch pump A,rotating_centrifugal_pump,critical,SITE_DEMO,BHC,DEMO-UNIT-BLD,BLD,
DEMO-P-5102B,P-5102B,Dispatch pump B,rotating_centrifugal_pump,critical,SITE_DEMO,BHC,DEMO-UNIT-BLD,BLD,
DEMO-P-5102C,P-5102C,Dispatch pump C,rotating_centrifugal_pump,critical,SITE_DEMO,BHC,DEMO-UNIT-BLD,BLD,
DEMO-LA-5101,LA-5101,Loading arm 1,loading_arm,critical,SITE_DEMO,BHC,DEMO-UNIT-BLD,BLD,
DEMO-LA-5102,LA-5102,Loading arm 2,loading_arm,critical,SITE_DEMO,BHC,DEMO-UNIT-BLD,BLD,
DEMO-LA-5103,LA-5103,Loading arm 3,loading_arm,critical,SITE_DEMO,BHC,DEMO-UNIT-BLD,BLD,
DEMO-LA-5104,LA-5104,Loading arm 4,loading_arm,critical,SITE_DEMO,BHC,DEMO-UNIT-BLD,BLD,
DEMO-XV-5101,XV-5101,Dispatch isolation valve 1,valve_isolation,critical,SITE_DEMO,BHC,DEMO-UNIT-BLD,BLD,
DEMO-XV-5102,XV-5102,Dispatch isolation valve 2,valve_isolation,critical,SITE_DEMO,BHC,DEMO-UNIT-BLD,BLD,
DEMO-XV-5103,XV-5103,Dispatch isolation valve 3,valve_isolation,critical,SITE_DEMO,BHC,DEMO-UNIT-BLD,BLD,
DEMO-XV-5104,XV-5104,Dispatch isolation valve 4,valve_isolation,critical,SITE_DEMO,BHC,DEMO-UNIT-BLD,BLD,
DEMO-UNIT-TKF,UNIT-TKF,Tank Farm,process_unit,critical,SITE_DEMO_B,DTF,,TKF,
DEMO-T-6101,T-6101,Product storage tank 1,storage_tank,safety_critical,SITE_DEMO_B,DTF,DEMO-UNIT-TKF,TKF,Tank 1
DEMO-T-6102,T-6102,Product storage tank 2,storage_tank,safety_critical,SITE_DEMO_B,DTF,DEMO-UNIT-TKF,TKF,Tank 2
DEMO-T-6103,T-6103,Product storage tank 3,storage_tank,critical,SITE_DEMO_B,DTF,DEMO-UNIT-TKF,TKF,Tank 3
DEMO-T-6104,T-6104,Product storage tank 4,storage_tank,critical,SITE_DEMO_B,DTF,DEMO-UNIT-TKF,TKF,Tank 4
DEMO-T-6105,T-6105,Product storage tank 5,storage_tank,critical,SITE_DEMO_B,DTF,DEMO-UNIT-TKF,TKF,Tank 5
DEMO-T-6106,T-6106,Product storage tank 6,storage_tank,critical,SITE_DEMO_B,DTF,DEMO-UNIT-TKF,TKF,Tank 6
DEMO-T-6107,T-6107,Product storage tank 7,storage_tank,critical,SITE_DEMO_B,DTF,DEMO-UNIT-TKF,TKF,Tank 7
DEMO-T-6108,T-6108,Product storage tank 8,storage_tank,critical,SITE_DEMO_B,DTF,DEMO-UNIT-TKF,TKF,Tank 8
DEMO-LT-6101,LT-6101,Tank 1 level,instrument_transmitter,critical,SITE_DEMO_B,DTF,DEMO-T-6101,TKF,
DEMO-TT-6101,TT-6101,Tank 1 temperature,instrument_transmitter,critical,SITE_DEMO_B,DTF,DEMO-T-6101,TKF,
DEMO-LT-6102,LT-6102,Tank 2 level,instrument_transmitter,critical,SITE_DEMO_B,DTF,DEMO-T-6102,TKF,
DEMO-TT-6102,TT-6102,Tank 2 temperature,instrument_transmitter,critical,SITE_DEMO_B,DTF,DEMO-T-6102,TKF,
DEMO-LT-6103,LT-6103,Tank 3 level,instrument_transmitter,critical,SITE_DEMO_B,DTF,DEMO-T-6103,TKF,
DEMO-TT-6103,TT-6103,Tank 3 temperature,instrument_transmitter,critical,SITE_DEMO_B,DTF,DEMO-T-6103,TKF,
DEMO-LT-6104,LT-6104,Tank 4 level,instrument_transmitter,critical,SITE_DEMO_B,DTF,DEMO-T-6104,TKF,
DEMO-TT-6104,TT-6104,Tank 4 temperature,instrument_transmitter,critical,SITE_DEMO_B,DTF,DEMO-T-6104,TKF,
DEMO-P-6101A,P-6101A,Tank transfer pump A,rotating_centrifugal_pump,critical,SITE_DEMO_B,DTF,DEMO-UNIT-TKF,TKF,Transfer pump A
DEMO-P-6101B,P-6101B,Tank transfer pump B,rotating_centrifugal_pump,critical,SITE_DEMO_B,DTF,DEMO-UNIT-TKF,TKF,Transfer pump B
DEMO-P-6101C,P-6101C,Tank transfer pump C,rotating_centrifugal_pump,critical,SITE_DEMO_B,DTF,DEMO-UNIT-TKF,TKF,Transfer pump C
DEMO-P-6101D,P-6101D,Tank transfer pump D,rotating_centrifugal_pump,critical,SITE_DEMO_B,DTF,DEMO-UNIT-TKF,TKF,Transfer pump D
DEMO-P-6101E,P-6101E,Tank transfer pump E,rotating_centrifugal_pump,critical,SITE_DEMO_B,DTF,DEMO-UNIT-TKF,TKF,Transfer pump E
DEMO-P-6101F,P-6101F,Tank transfer pump F,rotating_centrifugal_pump,critical,SITE_DEMO_B,DTF,DEMO-UNIT-TKF,TKF,Transfer pump F
DEMO-P-6201A,P-6201A,Fire water pump A,rotating_centrifugal_pump,safety_critical,SITE_DEMO_B,DTF,DEMO-UNIT-TKF,TKF,
DEMO-P-6201B,P-6201B,Fire water pump B,rotating_centrifugal_pump,safety_critical,SITE_DEMO_B,DTF,DEMO-UNIT-TKF,TKF,
DEMO-P-6201C,P-6201C,Fire water pump C,rotating_centrifugal_pump,safety_critical,SITE_DEMO_B,DTF,DEMO-UNIT-TKF,TKF,
DEMO-XV-6101,XV-6101,Tank outlet valve 1,valve_isolation,safety_critical,SITE_DEMO_B,DTF,DEMO-UNIT-TKF,TKF,
DEMO-XV-6102,XV-6102,Tank outlet valve 2,valve_isolation,safety_critical,SITE_DEMO_B,DTF,DEMO-UNIT-TKF,TKF,
DEMO-XV-6103,XV-6103,Tank outlet valve 3,valve_isolation,critical,SITE_DEMO_B,DTF,DEMO-UNIT-TKF,TKF,
DEMO-XV-6104,XV-6104,Tank outlet valve 4,valve_isolation,critical,SITE_DEMO_B,DTF,DEMO-UNIT-TKF,TKF,
DEMO-XV-6105,XV-6105,Tank outlet valve 5,valve_isolation,critical,SITE_DEMO_B,DTF,DEMO-UNIT-TKF,TKF,
DEMO-XV-6106,XV-6106,Tank outlet valve 6,valve_isolation,critical,SITE_DEMO_B,DTF,DEMO-UNIT-TKF,TKF,
DEMO-PSV-6101,PSV-6101,Tank vent relief valve 1,valve_pressure_relief,safety_critical,SITE_DEMO_B,DTF,DEMO-UNIT-TKF,TKF,
DEMO-PSV-6102,PSV-6102,Tank vent relief valve 2,valve_pressure_relief,safety_critical,SITE_DEMO_B,DTF,DEMO-UNIT-TKF,TKF,
DEMO-PSV-6103,PSV-6103,Tank vent relief valve 3,valve_pressure_relief,safety_critical,SITE_DEMO_B,DTF,DEMO-UNIT-TKF,TKF,
DEMO-LA-6101,LA-6101,Truck loading arm 1,loading_arm,critical,SITE_DEMO_B,DTF,DEMO-UNIT-TKF,TKF,
DEMO-LA-6102,LA-6102,Truck loading arm 2,loading_arm,critical,SITE_DEMO_B,DTF,DEMO-UNIT-TKF,TKF,
DEMO-LA-6103,LA-6103,Truck loading arm 3,loading_arm,critical,SITE_DEMO_B,DTF,DEMO-UNIT-TKF,TKF,
